T0,symbol,company_name,t0_bucket,all_buckets,n_tier1_filings,t0_subject,VERIFY_keep,matched_control,pledge_pct_T0minus12m
2025-09-10,HNDFDS,Hindustan Foods Limited,insolvency_nclt,insolvency_nclt,3,"Hindustan Foods Limited has informed the Exchange regarding Notice of the Meeting of the Equity Shareholders of the Company to be held on October 15, 2025 as per the direction of Hon'ble NCLT, Mumbai Bench.",,,
2025-09-15,LUMAXTECH,Lumax Auto Technologies Limited,insolvency_nclt,insolvency_nclt,1,"Lumax Auto Technologies Limited has informed the Exchange regarding Outcome of the NCLT convened meetings of Greenfuel Energy Solutions Private Limited (which is a step-down subsidiary of Lumax Auto Technologies Limited) held on September 15, 2025 as per the directions of the Hon'ble National Company Law Tribunal, Chandigarh Bench ( NCLT )",,,
2025-09-17,DPWIRES,D P Wires Limited,rating_to_D,rating_to_D,1,D P Wires Limited has informed the Exchange about Credit Rating,,,
2025-09-19,RHFL,Reliance Home Finance Limited,insolvency_nclt,insolvency_nclt,32,Reliance Home Finance Limited has informed the Exchange about Public announcement made pursuant to order passed by the Tribunal under Section 13 of Insolvency and Bankruptcy Code against Reliance Home Finance Limited (In CIRP),,,
2025-10-01,RKEC,RKEC Projects Limited,default_disclosure,default_disclosure,2,Delay in payment,,,
2025-10-07,KOLTEPATIL,Kolte - Patil Developers Limited,insolvency_nclt,insolvency_nclt,1,Kolte - Patil Developers Limited has informed the Exchange about Sanction of the Scheme by the Hon ble National Company Law Tribunal ( NCLT ),,,
2025-10-18,CIGNITITEC,Cigniti Technologies Limited,insolvency_nclt,insolvency_nclt,3,"Cigniti Technologies Limited has informed the Exchange about Receipt of order passed by Hon ble National Company Law Tribunal, Chandigarh Bench ( NCLT ) for inter alia dispensation of meeting of secured creditors and convening meeting of the equity shareholders and unsecured creditors of Cigniti TechnologiesLimited.",,,
2025-10-18,COFORGE,Coforge Limited,insolvency_nclt,insolvency_nclt,3,"Coforge Limited has informed the Exchange about Receipt of order passed by Hon ble National Company Law Tribunal, Chandigarh Bench ( NCLT ) for inter alia convening meeting of the equity shareholders, secured creditors and unsecured creditors of Coforge Limited",,,
2025-10-18,TRU,TruCap Finance Limited,default_disclosure,default_disclosure,1,"Intimation in default in repayment of loans/NCDs under SEBI (Listing Obligations and Disclosure Requirements) Regulations, 2015, as amended.",,,
2025-10-27,FSC,Future Supply Chain Solutions Limited,insolvency_nclt,insolvency_nclt,4,"Members of the Exchange are hereby informed that the trading in equity shares of Future Supply Chain Solutions Limited (ISIN: INE935Q01015) shall be suspended w.e.f. October 28, 2025, pursuant to approval of the resolution plan by the Hon'ble National Company Law Tribunal (NCLT), Mumbai Bench Court III",,,
2025-10-30,SETUINFRA,Setubandhan Infrastructure Limited,insolvency_nclt,insolvency_nclt,8,Setubandhan Infrastructure Limited has informed the Exchange regarding compliance for the Quarter and the Half Year ended on 30 September 2025.,,,
2025-11-04,INDIASHLTR,India Shelter Finance Corporation Limited,insolvency_nclt,insolvency_nclt,2,"India Shelter Finance Corporation Limited has informed the Exchange regarding Outcome of Board Meeting held on November 04, 2025- Voluntary liquidation of Wholly owned subsidiary of the company",,,
2025-11-12,SABEVENTS,Sab Events & Governance Now Media Limited,insolvency_nclt,insolvency_nclt,11,"Sab Events & Governance Now Media Limited has informed the Exchange regarding 'Admission of the Petition filed by SAB Events & Governance Now Media Limitedfor initiation of Pre-Packaged Insolvency Resolution Process under Section 54C of theInsolvency and Bankruptcy Code, 2016 - Copy of Order of Hon ble NCLT dated November04, 2025'.",,,
2025-11-12,GANDHAR,Gandhar Oil Refinery (India) Limited,insolvency_nclt,insolvency_nclt,1,"Gandhar Oil Refinery (India) Limited has informed the Exchange about approval for voluntary liquidation of Gandhar Shipping and Logistics Private Limited, Wholly- owned Subsidiary of the Company.",,,
2025-11-12,NATCOPHARM,Natco Pharma Limited,delisting_unverified,delisting_unverified,1,"Natco Pharma Limited has informed the Exchange regarding a press release dated November 12, 2025, titled ""Adcock Ingram Holdings Limited completes delisting from Johannesburg Stock Exchange and NATCO Pharma Limited acquires 35.75% stake"".",,,
2025-11-14,FLEXITUFF,Flexituff Ventures International Limited,default_disclosure,default_disclosure,2,"Quarterly Disclosures by Flexituff Ventures International Limited with respect to defaults on payment of interest/repayment of principal amount on loans from banks/financial institutions as on 30th September, 2025.",,,
2025-11-14,IVRCLINFRA,IVRCL Limited,insolvency_nclt,insolvency_nclt,1,IVRCL Limited has informed the Exchange regarding 'Change of Liquidator'.,,,
2025-11-15,DCW,DCW Limited,insolvency_nclt,insolvency_nclt,4,"DCW Limited has informed the Exchange about copy of Srutinizers report of NCLT Convened Meeting of Unsecured Creditors held on November 15, 2025",,,
2025-11-18,MANGALAM,Mangalam Drugs And Organics Limited,default_disclosure,default_disclosure,9,Mangalam Drugs And Organics Limited has informed the Exchange about Fraud/Default/Arrest,,,
2025-11-19,FEDDERELEC,Fedders Electric and Engineering Limited,delisting_unverified,insolvency_nclt|delisting_unverified,2,"Intimation regarding Exit Price of Delisting in accordance with applicable regulation of SEBI (Delisting of Securities) Regulations, 2021",,,
2025-11-20,MANAKSIA,Manaksia Limited,insolvency_nclt,insolvency_nclt,3,"Manaksia Limited has informed the Exchange about order of NCLT for convening meeting of equity shareholders on 10th January, 2026",,,
2025-11-28,BILVYAPAR,BIL VYAPAR LIMITED,insolvency_nclt,insolvency_nclt,15,"BIL VYAPAR LIMITED has informed the Exchange about  Form-A under Insolvency Resolution Process for Corporate Persons) Regulations, 2016",,,
2025-11-28,UNIVPHOTO,Universus Photo Imagings Limited,insolvency_nclt,insolvency_nclt,1,"Universus Photo Imagings Limited has informed the Exchange about General Updates -Disclosure under Regulation 30 of SEBI (Listing Obligations and Disclosure Requirements) Regulations, 2015   Appeal filed before the Hon ble NCLAT in the matter of order passed by the Hon ble National Company Law Tribunal, Allahabad ( NCLT ) dated 15.10.2025",,,
2025-12-01,SUBEXLTD,Subex Limited,insolvency_nclt,insolvency_nclt,1,"Voluntary Liquidation of Subex Account Aggregator Services Pvt Ltd, Wholly Owned Subsidiary - NCLT order",,,
2025-12-01,AIFL,Ashapura Intimates Fashion Limited,insolvency_nclt,insolvency_nclt,1,Ashapura Intimates Fashion Limited has informed the Exchange about receipt of Relief Order passed by the National Company Law Tribunal (NCLT) Mumbai Bench,,,
2025-12-03,VEDL,Vedanta Limited,insolvency_nclt,insolvency_nclt,3,"Pursuant to Regulation 30 of Listing Regulations, as amended from time to time, we wish to inform you that the National Company Law Tribunal Kolkata ( NCLT Kolkata ) vide its Order uploaded on NCLT website on December 03, 2025 around 05:30 PM IST, has granted its approval for the Resolution Plan as submitted by Vedanta Limited for acquisition of Incab Industries Limited ( Incab  or  Company ) under Corporate Insolvency Resolution Process in accordance with the provisions of Insolvency and Bankruptcy Code (IBC), 2016.",,,
2025-12-03,ERAINFRA,Era Infra Engineering Limited,delisting_unverified,delisting_unverified,1,"Members of the Exchange are hereby informed about the Withdrawal of delisting of equity shares of Era Infra Engineering Limited (ERAINFRA) w.e.f. December 04, 2025, pursuant to the status changed by BSE from Delisted to Suspended vide its notice 20251127-17 dated November 27, 2025.",,,
2025-12-06,KOTYARK,Kotyark Industries Limited,insolvency_nclt,insolvency_nclt,1,Kotyark Industries Limited has informed the Exchange regarding 'NCLT order in favour of Kotyark industries ltd and directing initiation of CIRP against the M/s. Global Medicines Limited (Corporate Debtor).'.,,,
2025-12-10,GOENKA,Goenka Diamond and Jewels Limited,insolvency_nclt,insolvency_nclt,2,Goenka Diamond and Jewels Limited has informed the Exchange about Corporate Insolvency Resolution Process,,,
2025-12-11,VIPULLTD,Vipul Limited,insolvency_nclt,insolvency_nclt,1,Vipul Limited has informed the Exchange about the NCLT Order,,,
2025-12-19,KAJARIACER,Kajaria Ceramics Limited,default_disclosure,default_disclosure,1,Reporting of Fraud in Step-down wholly-owned subsidiary of the Company,,,
2025-12-19,ITC,ITC Limited,insolvency_nclt,insolvency_nclt,1,"ITC Limited has informed the Exchange about Voluntary Liquidation of Prag Agro Farm Limited, a wholly owned subsidiary",,,
2025-12-20,KIOCL,KIOCL Limited,rating_to_D,rating_to_D,1,KIOCL Limited has informed the Exchange about downgradation and withdrawal oflong-term and short-term Credit Ratings,,,
2025-12-23,EPACK,EPACK Durable Limited,default_disclosure,default_disclosure,1,Initiation of Legal Proceedings against Customer by Company for default in payments.,,,
2025-12-23,SANCO,Sanco Industries Limited,insolvency_nclt,insolvency_nclt,1,Sanco Industries Limited has informed the Exchange about Corporate Insolvency Resolution Process,,,
2025-12-25,JUBLPHARMA,Jubilant Pharmova Limited,default_disclosure,default_disclosure,1,Jubilant Pharmova Limited has informed the Exchange about Delay/default in the payment of fines/penalties/dues etc. to authority,,,
2025-12-26,HIKAL,Hikal Limited,default_disclosure,default_disclosure,2,Hikal Limited has informed the Exchange about certain irregularities / alterations by employees,,,
2025-12-30,VAKRANGEE,Vakrangee Limited,insolvency_nclt,insolvency_nclt,1,"Disclosure under Regulation 30 of the Securities and Exchange Board of India (Listing Obligations and Disclosure Requirements) Regulations, 2015 - Intimation of filing of NCLT petition seeking consolidation of the share capital",,,
2025-12-31,LEMONTREE,Lemon Tree Hotels Limited,default_disclosure,default_disclosure,1,Lemon Tree Hotels Limited has informed the Exchange about Delay/default in the payment of fines/penalties/dues etc. to authority,,,
2026-01-01,ATUL,Atul Limited,default_disclosure,default_disclosure,1,Atul Limited has informed the Exchange about Delay/default in the payment of fines/penalties/dues etc. to authority,,,
2026-01-02,OSIAHYPER,Osia Hyper Retail Limited,default_disclosure,insolvency_nclt|default_disclosure,10,disclosures of defaults on payment of Corporate Credit Card Dues,,,
2026-01-13,IVP,IVP Limited,default_disclosure,default_disclosure,2,IVP Limited has informed the Exchange about Frauds/Default by an employee,,,
2026-01-15,VEEDOL,Veedol Corporation Limited,insolvency_nclt,insolvency_nclt,1,"Veedol Corporation Limited has informed the Exchange regarding closure of Veedol Deutschland GmbH, Germany, a wholly owned subsidiary of the Company, the liquidation has now officially been entered in the German commercial register and thus, the said Company stands closed. The said closure would not have any impact on the business operations of the Company.",,,
2026-01-16,INDIAGLYCO,India Glycols Limited,insolvency_nclt,insolvency_nclt,3,India Glycols Limited has informed the Exchange regarding 'NCLT Order '.,,,
2026-01-19,NH,Narayana Hrudayalaya Ltd.,insolvency_nclt,insolvency_nclt,8,"Narayana Hrudayalaya Ltd. has informed the Exchange about Summary of proceedings of the General Meeting of the Equity Shareholders, Secured Creditors, Unsecured Loan Creditors and Unsecured Trade Creditors of the Company held on Jan 19, 2026 pursuant to the Order dated Dec 2, 2025 by the Hon'ble NCLT, Bengaluru",,,
2026-01-19,ELGIRUBCO,Elgi Rubber Company Limited,insolvency_nclt,insolvency_nclt|rating_to_D,2,"Elgi Rubber Company Limited has informed the Exchange about initiation and filing of voluntary application for liquidation/bankruptcy proceedings in respect of Rubber Resources B.V., The Netherlands, a wholly owned material step down subsidiary",,,
2026-01-22,ASTERDM,Aster DM Healthcare Limited,insolvency_nclt,insolvency_nclt,3,"Aster DM Healthcare Limited has informed the Exchange about receipt of NCLT Order dated January 21, 2026",,,
2026-01-22,BELRISE,Belrise Industries Limited,insolvency_nclt,insolvency_nclt,1,Belrise Industries Limited has informed the exchange about acquisition of aerospace equipments in a liquidation process through its subsidiaries,,,
2026-01-23,KANSAINER,Kansai Nerolac Paints Limited,insolvency_nclt,insolvency_nclt,2,"Notice of NCLT Convened Meeting of Equity Shareholders of Kansai Nerolac Paints Limited to be held on Friday, 27th February, 2026 at 11 a.m. (IST) through Video Conferencing/ Other Audio Visual Means.",,,
2026-01-24,SHYAMMETL,Shyam Metalics and Energy Limited,insolvency_nclt,insolvency_nclt,1,Shyam Metalics And Energy Limited has informed the Exchange regarding Fresh Capex Announcement of &#8377; 6660 Crores and Voluntary Liquidation of Step down Subsidiary of the Company,,,
2026-02-06,ARSSBL,Anand Rathi Share and Stock Brokers Limited,default_disclosure,default_disclosure,4,"Disclosure of material event/information as per Regulation 30 and 51 of the SEBI (Listing Obligations and Disclosure Requirements) Regulations, 2015 ( SEBI Listing Regulations )",,,
2026-02-06,JINDALPOLY,Jindal Poly Films Limited,insolvency_nclt,insolvency_nclt,4,"Jindal Poly Films Limited has informed the Exchange regarding 'Disclosure cum clarification under Regulation 30 of SEBI (Listing Obligations and Disclosure Requirements) Regulations, 2015   Order passed by the Hon ble NCLT dated 05.02.2026'.",,,
2026-02-06,INDUSFILA,Indus Fila Limited,insolvency_nclt,insolvency_nclt,1,"Members of the Exchange are hereby informed that the trading in equity shares of Indus Fila Limited shall remain to be suspended w.e.f. February 09, 2026, on account of Reduction of Share Capital pursuant to NCLT order.",,,
2026-02-10,GABRIEL,Gabriel India Limited,insolvency_nclt,insolvency_nclt,4,Gabriel India Limited has informed the Exchange about Letters sent regarding the Notice of the NCLT Convened Meeting of the Equity Shareholders,,,
2026-02-12,BHAGYANGR,Bhagyanagar India Limited,insolvency_nclt,insolvency_nclt,1,"Bhagyanagar India Limited has informed the Exchange about Copy of Newspaper Publication of the Meeting of the Equity Shareholders of Bhagyanagar India Limited and Meeting of Trade Creditors of Bhagyanagar Copper Private Limited (wholly owned subsidiary company) to be convened as per the directions of Hon ble National Company Law Tribunal, Hyderabad Bench ( NCLT ).",,,
2026-02-13,VIVIMEDLAB,Vivimed Labs Limited,insolvency_nclt,insolvency_nclt,4,Vivimed Labs Limited has informed the Exchange about Corporate Insolvency Resolution Process,,,
2026-02-14,GKSL,Gujarat Kidney And Super Speciality Limited,insolvency_nclt,insolvency_nclt,1,Gujarat Kidney And Super Speciality Limited has informed the Exchange about order passed by NCLT approving voluntary revision of Borad report and financial statements,,,
2026-02-16,SHREEJISPG,Shreeji Shipping Global Limited,insolvency_nclt,insolvency_nclt,1,"With reference to our disclosure dated February 11, 2026 regarding execution of a Port Handling Agreement with Karanja Terminals and Logistics Private Limited ( KTLP ), we wish to inform you that the Company has received a communication dated February 14, 2026 from the Interim Resolution Professional ( IRP ) of KTLP, which is presently undergoing Corporate Insolvency Resolution Process under the Insolvency and Bankruptcy Code, 2016.",,,
2026-02-19,SALSTEEL,S.A.L. Steel Limited,default_disclosure,default_disclosure,1,S.A.L. Steel Limited has informed the Exchange about Delay/default in the payment of fines/penalties/dues etc. to authority,,,
2026-02-19,ASHOKLEY,Ashok Leyland Limited,insolvency_nclt,insolvency_nclt,1,"Ashok Leyland Limited has informed the Exchange  that Ashok Leyland West Africa SA, step-down subsidiary of the Company, has been voluntarily liquidated.",,,
2026-02-22,IDFCFIRSTB,IDFC First Bank Limited,default_disclosure,default_disclosure,1,IDFC First Bank Limited has informed the Exchange about Frauds/Default by employees,,,
2026-02-24,QUINTEGRA,Quintegra Solutions Limited,insolvency_nclt,insolvency_nclt,1,Quintegra Solutions Limited has informed the Exchange about the Share Capital Reduction Petition Filed in NCLT,,,
2026-02-25,UTKARSHBNK,Utkarsh Small Finance Bank Limited,insolvency_nclt,insolvency_nclt,1,Utkarsh Small Finance Bank Limited has informed the Exchange about Copy of Newspaper Publication - Dispatch of Notice of NCLT Convening Meeting of the Equity Shareholders and Unsecured Creditors of the Bank,,,
2026-02-25,GAMMONIND,Gammon India Limited,delisting_unverified,delisting_unverified,1,"Members of the Exchange are hereby informed about the withdrawal of delisting of Equity Shares of Gammon India Limited (GAMMONIND) w.e.f. February 25, 2026, as per the Hon ble Securities Appellate Tribunal ( SAT ), Mumbai, order dated February 19, 2026, to restore the listing of the Company. Accordingly, the status of the Company would be changed from  Delisted  to  Suspended  with effect from February 25, 2026.",,,
2026-02-27,FINOPB,Fino Payments Bank Limited,default_disclosure,default_disclosure,1,Fino Payments Bank Limited has informed the Exchange about Fraud/Default/Arrest,,,
2026-03-07,HINDWAREAP,Hindware Home Innovation Limited,insolvency_nclt,insolvency_nclt,3,Hindware Home Innovation Limited has informed the Exchange regarding Proceedings of NCLT convened meeting of the Unsecured Creditors of Hindware Limited (a subsidiary company),,,
2026-03-11,MONEYBOXX,Moneyboxx Finance Limited,default_disclosure,default_disclosure,1,Moneyboxx Finance Limited has informed the Exchange about Frauds/Default by employees,,,
2026-03-14,SHAREINDIA,Share India Securities Limited,insolvency_nclt,insolvency_nclt,1,"Share India Securities Limited has submitted the Exchange a copy of voting results along with the Scrutinizer reports of the NCLT convened meetings of the Equity Shareholders, Non-Convertible Debenture Holders, Secured Creditors and Unsecured Creditors of the Company.",,,
2026-03-17,ARROWGREEN,Arrow Greentech Limited,default_disclosure,default_disclosure,1,Arrow Greentech Limited has informed the Exchange about Delay/default in the payment of fines/penalties/dues etc. to authority,,,
2026-03-19,VERANDA,Veranda Learning Solutions Limited,insolvency_nclt,insolvency_nclt,1,Veranda Learning Solutions Limited has informed the Exchange regarding 'Order of NCLT for convening Meeting of Shareholders on 24th April 2026'.,,,
2026-03-23,TVSHLTD,TVS Holdings Limited,insolvency_nclt,insolvency_nclt,2,"TVS Holdings Limited has informed the Exchange regarding Notice of NCLT / Court Convened General Meeting to be held on April 24, 2026",,,
2026-03-27,SWANDEF,Swan Defence and Heavy Industries Limited,insolvency_nclt,insolvency_nclt,1,"Swan Defence and Heavy Industries Limited has informed the Exchange that the Company, on 27"" March, 2026 has concluded making full and final repayment to all Committee of Creditors' members, in accordance with the Resolution plan pursuant to the NCLT Order dated 23.12.2022.",,,
2026-04-08,NAM-INDIA,Nippon Life India Asset Management Limited,default_disclosure,default_disclosure,1,"Nippon Life India Asset Management Limited has informed the Exchange about intimation under Regulation 30 of the SEBI (Listing Obligations and Disclosure Requirements) Regulations, 2015",,,
2026-04-08,PNCINFRA,PNC Infratech Limited,insolvency_nclt,insolvency_nclt,1,PNC Infratech Limited has informed regarding Resolution Plan submitted by the Company under CIRP for Gwalior Bypass Project Ltd (Corporate Debtor) in 2020 - Plan not approved - Settlement reached by the Company with the erstwhile Promoter/Director of the Corporate Debtor - Rs. 20.00 Crore Compensation received by the Company towards costs incurred by it as part of settlement.,,,
2026-04-15,RADIANTCMS,Radiant Cash Management Services Limited,default_disclosure,default_disclosure,1,Radiant Cash Management Services Limited has informed the Exchange about Frauds/Default by former employee of subsidiary,,,
2026-04-16,ASALCBR,Associated Alcohols & Breweries Ltd.,insolvency_nclt,insolvency_nclt,3,Associated Alcohols & Breweries Ltd. has informed the Exchange about NCLT order,,,
2026-04-16,PAYTM,One 97 Communications Limited,default_disclosure,default_disclosure,2,One 97 Communications Limited has informed the Exchange about approval of Default Loss Guarantee on Loans disbursed by lending partner.,,,
2026-04-20,PDSL,PDS Limited,default_disclosure,default_disclosure,1,PDS Limited has informed the Exchange about Frauds/Default by employees,,,
2026-04-22,KAYA,Kaya Limited,insolvency_nclt,insolvency_nclt,1,"Kaya Limited has informed the Exchange about Voluntary liquidation of KME Holdings Pte. Ltd (Singapore) a wholly owned subsidiary of Kaya Limited ( the Company ),  with effect from April 22, 2026.",,,
2026-04-24,PFIZER,Pfizer Limited,default_disclosure,default_disclosure,1,Pfizer Limited has informed the Exchange about Delay/default in the payment of fines/penalties/dues etc. to authority,,,
2026-04-28,JBCHEPHARM,JB Chemicals & Pharmaceuticals Limited,insolvency_nclt,insolvency_nclt,1,JB Chemicals & Pharmaceuticals Limited has informed the Exchange about proceedings of the NCLT convened meeting,,,
2026-05-04,MOL,Meghmani Organics Limited,insolvency_nclt,insolvency_nclt,8,Meghmani Organics Limited has informed the Exchange about Schedule of NCLT convened meeting of Secured Creditors of the Company,,,
2026-05-04,DABUR,Dabur India Limited,insolvency_nclt,insolvency_nclt,2,"Dabur India Limited has informed the Exchange regarding Voting results and report of Scrutinizer on the NCLT convened meeting of the unsecured creditors of Dabur India Limited held on May 02, 2026.",,,
2026-05-06,HEG,HEG Limited,insolvency_nclt,insolvency_nclt,2,"HEG Limited has informed the Exchange about Voting Result and Scrutinizer's Report of NCLT Convened Equity Shareholders Meeting, Secured Creditors Meeting and Unsecured Creditors Meeting.",,,
2026-05-07,PFOCUS,Prime Focus Limited,insolvency_nclt,insolvency_nclt,4,"Prime Focus Limited has informed the Exchange about Intimation regarding oral pronouncement by NCLT, Mumbai Bench filed under Section 7 of the Insolvency and Bankruptcy Code, 2016",,,
2026-05-11,ASIANENE,Asian Energy Services Limited,insolvency_nclt,insolvency_nclt,2,"Asian Energy Services Limited has informed the Exchange about Copy of Newspaper Advertisement of NCLT convened Meeting of equity shareholders of Asian Energy Services  Limited ( the Company ) to be held on Friday, 12th June, 2026 at 11:00 AM (IST), pursuant to Order  dated 22nd April, 2026 of the National Company Law Tribunal, Mumbai Bench",,,
2026-05-12,PARSVNATH,Parsvnath Developers Limited,insolvency_nclt,insolvency_nclt,6,Parsvnath Developers Limited has informed the Exchange about Corporate Insolvency Resolution Process and appointment of IRP.,,,
2026-05-13,PRITIKAUTO,Pritika Auto Industries Limited,insolvency_nclt,insolvency_nclt,1,"Sub: Updation under Regulation 30 of SEBI (LODR) Regulations 2015 on purchase of land  Dear Sir,This is in continuation to our intimation dated 20th February, 2026 informing you that the Company made a bid under e-auction sale notice issued by the official liquidator (attached to Hon ble High Court of Punjab and Haryana), for Land and Building admeasuring 64 Kanals situated at Village Simbli, Hoshiarpur Phagwara Road, Hoshiarpur, Punjab and had been declared as the highest bidder by the Official Liquidator, Chandigarh.In this respect the Company learnt that litigation was pending regarding this property. The Company prayed the Hon ble High Court of Punjab & Haryana, Chandigarh to set aside the auction as the Company did not wish to involve itself in litigation. The Hon ble High Court on the request of the Company set aside the auction and ordered for refund of money to the Company vide its order dated 11/05/2026. We request you to take the above disclosure on your record.",,,
2026-05-14,LGHL,Laxmi Goldorna House Limited,default_disclosure,default_disclosure,1,Laxmi Goldorna House Limited has informed the Exchange about Fraud/Default/Arrest,,,
2026-05-16,DPSCLTD,DPSC Limited,insolvency_nclt,insolvency_nclt,22,DPSC Limited has informed the Exchange about Corporate Insolvency Resolution Process,,,
2026-05-18,SYNGENE,Syngene International Limited,insolvency_nclt,insolvency_nclt,1,"Syngene International Limited has informed the Exchange regarding Outcome of Board Meeting held on May 18, 2026, regarding Voluntary liquidation of Syngene Manufacturing Solutions Limited, a Wholly Owned Subsidiary.",,,
2026-05-19,BALMLAWRIE,Balmer Lawrie & Company Limited,rating_to_D,rating_to_D,1,"In view of change in role of Shri Sushil Dugar from Chief Operating Officer (Logistics Services) to Officer on Special Duty with effect from 19th May, 2026, he has ceased to be part of the Senior Management of Balmer Lawrie & Co. Ltd. as defined under Regulation 16(1)(d) of the Listing Regulations.",,,
2026-05-22,BASF,BASF India Limited,insolvency_nclt,insolvency_nclt,4,"BASF India Limited has informed the Exchange regarding Notice of NCLT Convened Equity Shareholders Meeting to be held on Wednesday June 24, 2026 at 3.30 pm (IST) through audio / visual means",,,
2026-05-25,HITECHCORP,Hitech Corporation Limited,delisting_unverified,delisting_unverified,1,Hitech Corporation Limited has informed regarding Delisting offer,,,
2026-05-25,AYMSYNTEX,AYM Syntex Limited,insolvency_nclt,insolvency_nclt,4,Proceedings of the meeting of Unsecured Creditors of the Company pursuant to the order of Hon''ble NCLT.,,,
2026-05-26,OSWALGREEN,Oswal Greentech Limited,default_disclosure,default_disclosure,1,Oswal Greentech Limited has informed the Exchange about Frauds/Default by employees,,,
2026-05-29,BALKRISHNA,Balkrishna Paper Mills Limited,insolvency_nclt,insolvency_nclt,3,"Balkrishna Paper Mills Limited has informed the Exchange regarding Notice of Postal Ballot:Sub: Postal Ballot Notice regarding: 1. Scheme of Reduction of Share Capital of the Company;2. Material Related Party Transaction(s) with Futuristic Concepts Media LLP (Vishal Furnishings Limited and Beetee Fabrics Private Limited merged into Futuristic Concepts Media Limited vide NCLT Order dated 12/09/2025 and Futuristic Concepts Media Limited was subsequently converted into Futuristic Concepts Media LLP w.e.f. 22/01/2026), Sanchna Trading and Finance Limited, S P Finance and Trading Limited, Poddar Bio Diesel Private Limited, Wavelink Fabrics LLP (Wavelink Fabrics Private Limited converted into Wavelink Fabrics LLP w.e.f. 29/03/2025).3. Material Related Party Transactions(s) with S P Finance and Trading Limited during F.Y. 2026-27 and F.Y. 2027-28;4. Material Related Party Transactions(s) with Sanchna Trading and Finance Limited during F.Y. 2026-27 and F.Y. 2027-28.This is to inform you that the Board of Directors of the Company in their Meeting held on 10th April, 2026 have approved Postal Ballot Notice seeking approval of the Members in respect of the captioned subject by way of passing the Ordinary / Special Resolutions through remote electronic voting (remote e-Voting). In terms of relevant Circulars issued by the Ministry of Corporate Affairs and Regulation 44 of the SEBI (Listing Obligations and Disclosure Requirements) Regulations, 2015, the Company shall provide remote e-Voting facility for the said purpose. The cut-off date of 22nd May, 2026 has been fixed to determine the eligibility of the Members to cast their vote through remote e-Voting facility.In this regard, please find enclosed the Postal Ballot Notice dated 10th April, 2026 together with the Explanatory Statement. The copy of the said Postal Ballot Notice is being uploaded on the website of the Company at www.bpml.in and the website of National Securities Depository Limited at www.evoting.nsdl.com.In conformity with the requirements, the said Notice is being sent electronically to all the Members whose names appear in the Register of Members/ List of Beneficial Owners and whose e-mail IDs are registered with the Company/ Depositories as on Friday, 22nd May, 2026, being the Cut-off date as mentioned above.The remote e-Voting period shall commence at 9:00 a.m. (IST) on Wednesday, 3rd June, 2026, and conclude at 5:00 p.m. (IST) on Thursday, 2nd July, 2026. The Result of the remote e-voting shall be declared on or before Saturday, 4th July, 2026.",,,
2026-06-01,AGARWALEYE,Dr. Agarwal's Health Care Limited,insolvency_nclt,insolvency_nclt,2,"Dr. Agarwal's Health Care Limited has informed the Exchange regarding Notice Convening Meeting Of The Equity Shareholders Of The Company Pursuant To The Order Of Hon'ble NCLT, Chennai Bench",,,
2026-06-19,VIKRAMSOLR,Vikram Solar Limited,insolvency_nclt,insolvency_nclt,5,Vikram Solar Limited has informed the Exchange about Corporate Insolvency Resolution Process,,,
