FREQ,REF_AREA,UNIT_MEASURE,TIME_PERIOD,OBS_VALUE
M,IN,771,1954-04,1.9
M,IN,771,1954-05,-3.179191
M,IN,771,1954-06,-8.768657
M,IN,771,1954-07,-10.211592
M,IN,771,1954-08,-9.528215
M,IN,771,1954-09,-6.880302
M,IN,771,1954-10,-4.868549
M,IN,771,1954-11,-5.876494
M,IN,771,1954-12,-7.907908
M,IN,771,1955-01,-8.596838
M,IN,771,1955-02,-7.55287
M,IN,771,1955-03,-9.412955
M,IN,771,1955-04,-14.033366
M,IN,771,1955-05,-12.338308
M,IN,771,1955-06,-9.611452
M,IN,771,1955-07,-6.25
M,IN,771,1955-08,-6.850716
M,IN,771,1955-09,-9.615385
M,IN,771,1955-10,-8.597748
M,IN,771,1955-11,-3.597884
M,IN,771,1955-12,0.108696
M,IN,771,1956-01,1.513514
M,IN,771,1956-02,2.287582
M,IN,771,1956-03,8.044693
M,IN,771,1956-04,12.442922
M,IN,771,1956-05,12.826334
M,IN,771,1956-06,13.800905
M,IN,771,1956-07,11.47541
M,IN,771,1956-08,15.148189
M,IN,771,1956-09,17.917133
M,IN,771,1956-10,17.693169
M,IN,771,1956-11,17.563117
M,IN,771,1956-12,15.635179
M,IN,771,1957-01,12.56656
M,IN,771,1957-02,12.140575
M,IN,771,1957-03,7.549121
M,IN,771,1957-04,6.497462
M,IN,771,1957-05,8.04829
M,IN,771,1957-06,8.449304
M,IN,771,1957-07,8.039216
M,IN,771,1957-08,5.14776
M,IN,771,1957-09,2.469136
M,IN,771,1957-10,2.093245
M,IN,771,1957-11,0.560224
M,IN,771,1957-12,-0.938967
M,IN,771,1958-01,-1.324503
M,IN,771,1958-02,-1.994302
M,IN,771,1958-03,-0.192308
M,IN,771,1958-04,0.85796
M,IN,771,1958-05,-0.744879
M,IN,771,1958-06,0.824931
M,IN,771,1958-07,2.540835
M,IN,771,1958-08,3.535811
M,IN,771,1958-09,6.39481
M,IN,771,1958-10,6.616962
M,IN,771,1958-11,4.271123
M,IN,771,1958-12,4.075829
M,IN,771,1959-01,6.136146
M,IN,771,1959-02,8.139535
M,IN,771,1959-03,6.647399
M,IN,771,1959-04,4.253308
M,IN,771,1959-05,5.347092
M,IN,771,1959-06,3.545455
M,IN,771,1959-07,1.858407
M,IN,771,1959-08,1.050788
M,IN,771,1959-09,0.609756
M,IN,771,1959-10,2.70979
M,IN,771,1959-11,3.829029
M,IN,771,1959-12,5.82878
M,IN,771,1960-01,5.691057
M,IN,771,1960-02,5.46595
M,IN,771,1960-03,5.781391
M,IN,771,1960-04,7.524932
M,IN,771,1960-05,7.747106
M,IN,771,1960-06,6.409131
M,IN,771,1960-07,6.863597
M,IN,771,1960-08,6.759099
M,IN,771,1960-09,6.839827
M,IN,771,1960-10,5.787234
M,IN,771,1960-11,6.346484
M,IN,771,1960-12,5.679862
M,IN,771,1961-01,5.726496
M,IN,771,1961-02,6.117247
M,IN,771,1961-03,7.258753
M,IN,771,1961-04,4.637437
M,IN,771,1961-05,2.066116
M,IN,771,1961-06,2.557756
M,IN,771,1961-07,3.170732
M,IN,771,1961-08,1.948052
M,IN,771,1961-09,-0.486224
M,IN,771,1961-10,-1.367659
M,IN,771,1961-11,-1.209677
M,IN,771,1961-12,-1.384365
M,IN,771,1962-01,-1.778496
M,IN,771,1962-02,-1.921537
M,IN,771,1962-03,-3.105096
M,IN,771,1962-04,-1.369863
M,IN,771,1962-05,0.728745
M,IN,771,1962-06,0.724055
M,IN,771,1962-07,0.157604
M,IN,771,1962-08,2.468153
M,IN,771,1962-09,4.234528
M,IN,771,1962-10,4.5677
M,IN,771,1962-11,4.489796
M,IN,771,1962-12,2.477291
M,IN,771,1963-01,2.139918
M,IN,771,1963-02,1.795918
M,IN,771,1963-03,4.026294
M,IN,771,1963-04,5.310458
M,IN,771,1963-05,5.064309
M,IN,771,1963-06,5.271565
M,IN,771,1963-07,4.878049
M,IN,771,1963-08,3.962704
M,IN,771,1963-09,5
M,IN,771,1963-10,4.836193
M,IN,771,1963-11,4.609375
M,IN,771,1963-12,7.977438
M,IN,771,1964-01,8.460919
M,IN,771,1964-02,9.222133
M,IN,771,1964-03,8.530806
M,IN,771,1964-04,7.137316
M,IN,771,1964-05,7.421576
M,IN,771,1964-06,8.877086
M,IN,771,1964-07,9.827457
M,IN,771,1964-08,11.733931
M,IN,771,1964-09,13.244048
M,IN,771,1964-10,13.392857
M,IN,771,1964-11,12.471994
M,IN,771,1964-12,13.731343
M,IN,771,1965-01,14.413076
M,IN,771,1965-02,10.792952
M,IN,771,1965-03,8.224163
M,IN,771,1965-04,8.834178
M,IN,771,1965-05,8.333333
M,IN,771,1965-06,6.968641
M,IN,771,1965-07,7.513661
M,IN,771,1965-08,7.625418
M,IN,771,1965-09,5.453351
M,IN,771,1965-10,5.052493
M,IN,771,1965-11,8.366534
M,IN,771,1965-12,7.217848
M,IN,771,1966-01,6.493506
M,IN,771,1966-02,8.349901
M,IN,771,1966-03,11.566913
M,IN,771,1966-04,12.641384
M,IN,771,1966-05,13.938199
M,IN,771,1966-06,15.04886
M,IN,771,1966-07,14.040661
M,IN,771,1966-08,13.113735
M,IN,771,1966-09,11.52648
M,IN,771,1966-10,12.866958
M,IN,771,1966-11,11.642157
M,IN,771,1966-12,12.790698
M,IN,771,1967-01,14.756098
M,IN,771,1967-02,17.675841
M,IN,771,1967-03,16.515973
M,IN,771,1967-04,14.88482
M,IN,771,1967-05,14.425851
M,IN,771,1967-06,15.515289
M,IN,771,1967-07,16.768802
M,IN,771,1967-08,14.065934
M,IN,771,1967-09,16.871508
M,IN,771,1967-10,16.325401
M,IN,771,1967-11,13.227223
M,IN,771,1967-12,9.658166
M,IN,771,1968-01,6.801275
M,IN,771,1968-02,2.546778
M,IN,771,1968-03,0.206932
M,IN,771,1968-04,1.645244
M,IN,771,1968-05,0.100857
M,IN,771,1968-06,-3.137255
M,IN,771,1968-07,-5.486641
M,IN,771,1968-08,-0.674374
M,IN,771,1968-09,0.573614
M,IN,771,1968-10,-1.14177
M,IN,771,1968-11,-2.520601
M,IN,771,1968-12,-2.622464
M,IN,771,1969-01,-1.840796
M,IN,771,1969-02,-0.608211
M,IN,771,1969-03,3.200826
M,IN,771,1969-04,1.264542
M,IN,771,1969-05,1.813602
M,IN,771,1969-06,5.465587
M,IN,771,1969-07,6.713781
M,IN,771,1969-08,2.57032
M,IN,771,1969-09,0.3327
M,IN,771,1969-10,0
M,IN,771,1969-11,1.740428
M,IN,771,1969-12,4.776423
M,IN,771,1970-01,6.893056
M,IN,771,1970-02,7.343192
M,IN,771,1970-03,6.703352
M,IN,771,1970-04,6.693307
M,IN,771,1970-05,7.273627
M,IN,771,1970-06,5.278311
M,IN,771,1970-07,3.97351
M,IN,771,1970-08,4.491726
M,IN,771,1970-09,5.258171
M,IN,771,1970-10,6.592878
M,IN,771,1970-11,7.282502
M,IN,771,1970-12,6.401552
M,IN,771,1971-01,5.405405
M,IN,771,1971-02,4.513064
M,IN,771,1971-03,3.23488
M,IN,771,1971-04,4.541199
M,IN,771,1971-05,3.597786
M,IN,771,1971-06,4.785779
M,IN,771,1971-07,5.914468
M,IN,771,1971-08,6.515837
M,IN,771,1971-09,6.255626
M,IN,771,1971-10,5.688488
M,IN,771,1971-11,5.148064
M,IN,771,1971-12,3.96536
M,IN,771,1972-01,5.713
M,IN,771,1972-02,6.818182
M,IN,771,1972-03,7.811081
M,IN,771,1972-04,6.896552
M,IN,771,1972-05,7.257346
M,IN,771,1972-06,7.090039
M,IN,771,1972-07,8.075601
M,IN,771,1972-08,9.515718
M,IN,771,1972-09,8.894536
M,IN,771,1972-10,10.978214
M,IN,771,1972-11,12.261698
M,IN,771,1972-12,13.985094
M,IN,771,1973-01,10.723404
M,IN,771,1973-02,12.680851
M,IN,771,1973-03,12.763269
M,IN,771,1973-04,13.866778
M,IN,771,1973-05,16.936488
M,IN,771,1973-06,17.099919
M,IN,771,1973-07,18.243243
M,IN,771,1973-08,16.679597
M,IN,771,1973-09,16.569428
M,IN,771,1973-10,17.667436
M,IN,771,1973-11,21.613277
M,IN,771,1973-12,20.769231
M,IN,771,1974-01,25.980015
M,IN,771,1974-02,25.86858
M,IN,771,1974-03,29.174449
M,IN,771,1974-04,30.721118
M,IN,771,1974-05,29.71246
M,IN,771,1974-06,30.176899
M,IN,771,1974-07,30.352941
M,IN,771,1974-08,31.183511
M,IN,771,1974-09,33.333333
M,IN,771,1974-10,29.440628
M,IN,771,1974-11,23.770232
M,IN,771,1974-12,23.43949
M,IN,771,1975-01,18.486882
M,IN,771,1975-02,15.961596
M,IN,771,1975-03,10.873337
M,IN,771,1975-04,8.415424
M,IN,771,1975-05,7.088123
M,IN,771,1975-06,4.023448
M,IN,771,1975-07,-0.335224
M,IN,771,1975-08,-1.165737
M,IN,771,1975-09,-2.452452
M,IN,771,1975-10,-1.66793
M,IN,771,1975-11,-2.307692
M,IN,771,1975-12,-4.205366
M,IN,771,1976-01,-5.92173
M,IN,771,1976-02,-6.364812
M,IN,771,1976-03,-6.885759
M,IN,771,1976-04,-5.244029
M,IN,771,1976-05,-4.983389
M,IN,771,1976-06,-3.534836
M,IN,771,1976-07,0.905563
M,IN,771,1976-08,0.512821
M,IN,771,1976-09,1.128784
M,IN,771,1976-10,0.282704
M,IN,771,1976-11,1.889764
M,IN,771,1976-12,4.847832
M,IN,771,1977-01,7.443897
M,IN,771,1977-02,10.859353
M,IN,771,1977-03,12.492997
M,IN,771,1977-04,10.767123
M,IN,771,1977-05,10.677784
M,IN,771,1977-06,9.798194
M,IN,771,1977-07,6.25641
M,IN,771,1977-08,5.535714
M,IN,771,1977-09,4.845256
M,IN,771,1977-10,4.279856
M,IN,771,1977-11,4.301906
M,IN,771,1977-12,4.700745
M,IN,771,1978-01,3.183902
M,IN,771,1978-02,-0.722832
M,IN,771,1978-03,0
M,IN,771,1978-04,-0.890428
M,IN,771,1978-05,-2.284326
M,IN,771,1978-06,-1.91052
M,IN,771,1978-07,-1.013514
M,IN,771,1978-08,-0.797679
M,IN,771,1978-09,-0.871038
M,IN,771,1978-10,1.179651
M,IN,771,1978-11,1.679427
M,IN,771,1978-12,-0.122669
M,IN,771,1979-01,0.617132
M,IN,771,1979-02,1.832789
M,IN,771,1979-03,3.386454
M,IN,771,1979-04,7.137509
M,IN,771,1979-05,8.405869
M,IN,771,1979-06,9.566075
M,IN,771,1979-07,13.334959
M,IN,771,1979-08,16.910331
M,IN,771,1979-09,18.550159
M,IN,771,1979-10,18.508623
M,IN,771,1979-11,18.411465
M,IN,771,1979-12,22.451486
M,IN,771,1980-01,22.669284
M,IN,771,1980-02,25.221893
M,IN,771,1980-03,23.33815
M,IN,771,1980-04,20.195667
M,IN,771,1980-05,20.899289
M,IN,771,1980-06,22.142214
M,IN,771,1980-07,21.768122
M,IN,771,1980-08,19.132972
M,IN,771,1980-09,19.271155
M,IN,771,1980-10,19.081779
M,IN,771,1980-11,16.471795
M,IN,771,1980-12,13.259779
M,IN,771,1981-01,15.6
M,IN,771,1981-02,16.203977
M,IN,771,1981-03,15.778168
M,IN,771,1981-04,17.325581
M,IN,771,1981-05,15.787476
M,IN,771,1981-06,13.190862
M,IN,771,1981-07,11.022787
M,IN,771,1981-08,11.091672
M,IN,771,1981-09,7.95788
M,IN,771,1981-10,7.366609
M,IN,771,1981-11,8.858753
M,IN,771,1981-12,8.696422
M,IN,771,1982-01,6.799308
M,IN,771,1982-02,3.693663
M,IN,771,1982-03,2.631135
M,IN,771,1982-04,0.429468
M,IN,771,1982-05,0.032776
M,IN,771,1982-06,1.220703
M,IN,771,1982-07,0.190931
M,IN,771,1982-08,0.299213
M,IN,771,1982-09,1.35913
M,IN,771,1982-10,1.330555
M,IN,771,1982-11,2.847436
M,IN,771,1982-12,3.291511
M,IN,771,1983-01,2.980723
M,IN,771,1983-02,4.852941
M,IN,771,1983-03,5.751849
M,IN,771,1983-04,7.220395
M,IN,771,1983-05,8.666448
M,IN,771,1983-06,7.332369
M,IN,771,1983-07,7.050977
M,IN,771,1983-08,6.688648
M,IN,771,1983-09,7.572172
M,IN,771,1983-10,7.973422
M,IN,771,1983-11,7.645116
M,IN,771,1983-12,7.761477
M,IN,771,1984-01,8.305805
M,IN,771,1984-02,7.386629
M,IN,771,1984-03,7.179487
M,IN,771,1984-04,6.550084
M,IN,771,1984-05,5.713855
M,IN,771,1984-06,7.29588
M,IN,771,1984-07,7.758493
M,IN,771,1984-08,7.696836
M,IN,771,1984-09,6.525884
M,IN,771,1984-10,6.871795
M,IN,771,1984-11,6.415315
M,IN,771,1984-12,5.899575
M,IN,771,1985-01,5.591866
M,IN,771,1985-02,5.238717
M,IN,771,1985-03,5.582137
M,IN,771,1985-04,6.65131
M,IN,771,1985-05,6.41757
M,IN,771,1985-06,4.942753
M,IN,771,1985-07,4.212555
M,IN,771,1985-08,3.525553
M,IN,771,1985-09,3.386564
M,IN,771,1985-10,3.208116
M,IN,771,1985-11,3.213403
M,IN,771,1985-12,4.064142
M,IN,771,1986-01,3.961486
M,IN,771,1986-02,4.881412
M,IN,771,1986-03,5.122219
M,IN,771,1986-04,4.306156
M,IN,771,1986-05,4.596623
M,IN,771,1986-06,4.803087
M,IN,771,1986-07,5.482166
M,IN,771,1986-08,5.873812
M,IN,771,1986-09,6.724368
M,IN,771,1986-10,7.027099
M,IN,771,1986-11,7.118148
M,IN,771,1986-12,6.230074
M,IN,771,1987-01,6.681662
M,IN,771,1987-02,5.535104
M,IN,771,1987-03,5.32985
M,IN,771,1987-04,5.357836
M,IN,771,1987-05,5.919283
M,IN,771,1987-06,6.09369
M,IN,771,1987-07,5.873513
M,IN,771,1987-08,8.09126
M,IN,771,1987-09,8.172177
M,IN,771,1987-10,7.980638
M,IN,771,1987-11,9.029934
M,IN,771,1987-12,9.691134
M,IN,771,1988-01,10.058291
M,IN,771,1988-02,10.701383
M,IN,771,1988-03,10.653603
M,IN,771,1988-04,10.698931
M,IN,771,1988-05,9.519777
M,IN,771,1988-06,9.429221
M,IN,771,1988-07,9.735037
M,IN,771,1988-08,7.070358
M,IN,771,1988-09,6.931949
M,IN,771,1988-10,7.735632
M,IN,771,1988-11,6.573251
M,IN,771,1988-12,6.098951
M,IN,771,1989-01,5.487942
M,IN,771,1989-02,5.413009
M,IN,771,1989-03,5.458417
M,IN,771,1989-04,5.60364
M,IN,771,1989-05,6.372874
M,IN,771,1989-06,6.167305
M,IN,771,1989-07,5.950199
M,IN,771,1989-08,7.896154
M,IN,771,1989-09,9.071298
M,IN,771,1989-10,7.884349
M,IN,771,1989-11,7.578835
M,IN,771,1989-12,7.553454
M,IN,771,1990-01,7.83036
M,IN,771,1990-02,8.273727
M,IN,771,1990-03,8.619407
M,IN,771,1990-04,9.088999
M,IN,771,1990-05,8.732219
M,IN,771,1990-06,9.475744
M,IN,771,1990-07,9.604232
M,IN,771,1990-08,8.097045
M,IN,771,1990-09,7.486155
M,IN,771,1990-10,8.910206
M,IN,771,1990-11,10.502782
M,IN,771,1990-12,11.998002
M,IN,771,1991-01,12.859124
M,IN,771,1991-02,13.508184
M,IN,771,1991-03,12.700587
M,IN,771,1991-04,11.577731
M,IN,771,1991-05,11.764706
M,IN,771,1991-06,12.146016
M,IN,771,1991-07,13.106841
M,IN,771,1991-08,16.089406
M,IN,771,1991-09,16.303248
M,IN,771,1991-10,14.673568
M,IN,771,1991-11,14.755867
M,IN,771,1991-12,14.262778
M,IN,771,1992-01,13.553371
M,IN,771,1992-02,12.943016
M,IN,771,1992-03,13.561382
M,IN,771,1992-04,13.79489
M,IN,771,1992-05,13.755981
M,IN,771,1992-06,12.95302
M,IN,771,1992-07,11.735741
M,IN,771,1992-08,9.372265
M,IN,771,1992-09,9.651135
M,IN,771,1992-10,10.56299
M,IN,771,1992-11,9.081649
M,IN,771,1992-12,8.532397
M,IN,771,1993-01,7.568027
M,IN,771,1993-02,7.575758
M,IN,771,1993-03,7.071865
M,IN,771,1993-04,6.926111
M,IN,771,1993-05,6.955085
M,IN,771,1993-06,7.011289
M,IN,771,1993-07,7.278737
M,IN,771,1993-08,7.950826
M,IN,771,1993-09,8.758387
M,IN,771,1993-10,8.522524
M,IN,771,1993-11,8.591337
M,IN,771,1993-12,8.775085
M,IN,771,1994-01,9.112469
M,IN,771,1994-02,9.451634
M,IN,771,1994-03,10.510532
M,IN,771,1994-04,11.8127
M,IN,771,1994-05,11.495787
M,IN,771,1994-06,11.923931
M,IN,771,1994-07,11.508969
M,IN,771,1994-08,10.444744
M,IN,771,1994-09,8.822554
M,IN,771,1994-10,9.034515
M,IN,771,1994-11,9.777072
M,IN,771,1994-12,10.996495
M,IN,771,1995-01,12.197853
M,IN,771,1995-02,11.947221
M,IN,771,1995-03,10.732054
M,IN,771,1995-04,10.977157
M,IN,771,1995-05,10.984443
M,IN,771,1995-06,9.729629
M,IN,771,1995-07,9.63345
M,IN,771,1995-08,8.944478
M,IN,771,1995-09,8.9363
M,IN,771,1995-10,8.431183
M,IN,771,1995-11,8.219343
M,IN,771,1995-12,6.636483
M,IN,771,1996-01,4.989727
M,IN,771,1996-02,4.533785
M,IN,771,1996-03,4.533785
M,IN,771,1996-04,3.687822
M,IN,771,1996-05,3.580955
M,IN,771,1996-06,3.645097
M,IN,771,1996-07,4.267473
M,IN,771,1996-08,4.928315
M,IN,771,1996-09,5.086453
M,IN,771,1996-10,4.582752
M,IN,771,1996-11,4.488
M,IN,771,1996-12,5.240223
M,IN,771,1997-01,5.166341
M,IN,771,1997-02,5.397711
M,IN,771,1997-03,5.397711
M,IN,771,1997-04,5.900193
M,IN,771,1997-05,5.05698
M,IN,771,1997-06,5.032715
M,IN,771,1997-07,3.625524
M,IN,771,1997-08,3.282451
M,IN,771,1997-09,3.823216
M,IN,771,1997-10,4.381939
M,IN,771,1997-11,3.986144
M,IN,771,1997-12,4.050324
M,IN,771,1998-01,5.066723
M,IN,771,1998-02,4.194471
M,IN,771,1998-03,4.348056
M,IN,771,1998-04,4.504035
M,IN,771,1998-05,5.658409
M,IN,771,1998-06,6.47355
M,IN,771,1998-07,7.142487
M,IN,771,1998-08,6.516459
M,IN,771,1998-09,5.86214
M,IN,771,1998-10,6.442706
M,IN,771,1998-11,7.133706
M,IN,771,1998-12,6.280292
M,IN,771,1999-01,4.523834
M,IN,771,1999-02,5.43865
M,IN,771,1999-03,5.430645
M,IN,771,1999-04,4.015944
M,IN,771,1999-05,3.331688
M,IN,771,1999-06,2.428084
M,IN,771,1999-07,1.915727
M,IN,771,1999-08,2.847856
M,IN,771,1999-09,3.19752
M,IN,771,1999-10,3.453908
M,IN,771,1999-11,3.085386
M,IN,771,1999-12,2.81298
M,IN,771,2000-01,3.548606
M,IN,771,2000-02,3.461242
M,IN,771,2000-03,5.507149
M,IN,771,2000-04,6.529029
M,IN,771,2000-05,6.300454
M,IN,771,2000-06,6.559406
M,IN,771,2000-07,6.541036
M,IN,771,2000-08,6.085193
M,IN,771,2000-09,6.46918
M,IN,771,2000-10,7.485141
M,IN,771,2000-11,7.61949
M,IN,771,2000-12,8.488188
M,IN,771,2001-01,8.705409
M,IN,771,2001-02,8.335663
M,IN,771,2001-03,6.419674
M,IN,771,2001-04,5.409416
M,IN,771,2001-05,5.598993
M,IN,771,2001-06,5.302421
M,IN,771,2001-07,5.221653
M,IN,771,2001-08,5.407088
M,IN,771,2001-09,4.524009
M,IN,771,2001-10,2.916019
M,IN,771,2001-11,2.591411
M,IN,771,2001-12,2.082975
M,IN,771,2002-01,1.513913
M,IN,771,2002-02,1.384887
M,IN,771,2002-03,1.762133
M,IN,771,2002-04,1.497313
M,IN,771,2002-05,1.561702
M,IN,771,2002-06,2.426505
M,IN,771,2002-07,2.794597
M,IN,771,2002-08,3.341067
M,IN,771,2002-09,3.526682
M,IN,771,2002-10,3.076858
M,IN,771,2002-11,3.391754
M,IN,771,2002-12,3.338954
M,IN,771,2003-01,4.224039
M,IN,771,2003-02,5.34934
M,IN,771,2003-03,5.991152
M,IN,771,2003-04,6.65742
M,IN,771,2003-05,6.511082
M,IN,771,2003-06,5.342721
M,IN,771,2003-07,4.712279
M,IN,771,2003-08,3.951504
M,IN,771,2003-09,4.897926
M,IN,771,2003-10,5.131129
M,IN,771,2003-11,5.422764
M,IN,771,2003-12,5.740046
M,IN,771,2004-01,6.495935
M,IN,771,2004-02,6.140775
M,IN,771,2004-03,4.777994
M,IN,771,2004-04,4.504078
M,IN,771,2004-05,4.858188
M,IN,771,2004-06,5.016709
M,IN,771,2004-07,6.144526
M,IN,771,2004-08,7.453367
M,IN,771,2004-09,6.18809
M,IN,771,2004-10,6.100868
M,IN,771,2004-11,6.454847
M,IN,771,2004-12,5.467032
M,IN,771,2005-01,4.862967
M,IN,771,2005-02,4.324899
M,IN,771,2005-03,4.73842
M,IN,771,2005-04,5.437406
M,IN,771,2005-05,4.591837
M,IN,771,2005-06,4.784546
M,IN,771,2005-07,4.836378
M,IN,771,2005-08,3.479151
M,IN,771,2005-09,4.28007
M,IN,771,2005-10,4.468621
M,IN,771,2005-11,3.843089
M,IN,771,2005-12,4.181299
M,IN,771,2006-01,4.1606
M,IN,771,2006-02,4.2547
M,IN,771,2006-03,3.940887
M,IN,771,2006-04,4.667048
M,IN,771,2006-05,5.853659
M,IN,771,2006-06,6.60974
M,IN,771,2006-07,6.345447
M,IN,771,2006-08,6.918594
M,IN,771,2006-09,6.868729
M,IN,771,2006-10,6.936921
M,IN,771,2006-11,6.64132
M,IN,771,2006-12,7.064855
M,IN,771,2007-01,6.748209
M,IN,771,2007-02,6.64132
M,IN,771,2007-03,6.826735
M,IN,771,2007-04,6.321113
M,IN,771,2007-05,5.621442
M,IN,771,2007-06,4.648279
M,IN,771,2007-07,4.520826
M,IN,771,2007-08,4.132259
M,IN,771,2007-09,3.571429
M,IN,771,2007-10,3.379085
M,IN,771,2007-11,3.826906
M,IN,771,2007-12,4.014299
M,IN,771,2008-01,4.452301
M,IN,771,2008-02,5.694567
M,IN,771,2008-03,7.718154
M,IN,771,2008-04,7.953852
M,IN,771,2008-05,8.203138
M,IN,771,2008-06,10.888362
M,IN,771,2008-07,11.245746
M,IN,771,2008-08,11.216495
M,IN,771,2008-09,10.775862
M,IN,771,2008-10,10.574066
M,IN,771,2008-11,8.568818
M,IN,771,2008-12,6.605707
M,IN,771,2009-01,5.882906
M,IN,771,2009-02,3.450517
M,IN,771,2009-03,1.483904
M,IN,771,2009-04,0.890093
M,IN,771,2009-05,1.209677
M,IN,771,2009-06,-0.707561
M,IN,771,2009-07,-0.620372
M,IN,771,2009-08,0.310887
M,IN,771,2009-09,1.090066
M,IN,771,2009-10,1.47803
M,IN,771,2009-11,4.497577
M,IN,771,2009-12,6.918072
M,IN,771,2010-01,8.533878
M,IN,771,2010-02,9.683209
M,IN,771,2010-03,10.226493
M,IN,771,2010-04,10.99702
M,IN,771,2010-05,10.598781
M,IN,771,2010-06,10.28475
M,IN,771,2010-07,9.780795
M,IN,771,2010-08,8.817174
M,IN,771,2010-09,8.92933
M,IN,771,2010-10,9.119337
M,IN,771,2010-11,8.080415
M,IN,771,2010-12,9.856428
M,IN,771,2011-01,9.791087
M,IN,771,2011-02,9.864725
M,IN,771,2011-03,10.087173
M,IN,771,2011-04,9.976607
M,IN,771,2011-05,9.797637
M,IN,771,2011-06,9.826727
M,IN,771,2011-07,9.907762
M,IN,771,2011-08,10.091192
M,IN,771,2011-09,10.390252
M,IN,771,2011-10,10.25224
M,IN,771,2011-11,9.994091
M,IN,771,2011-12,7.740733
M,IN,771,2012-01,7.23122
M,IN,771,2012-02,7.563985
M,IN,771,2012-03,7.692308
M,IN,771,2012-04,7.495589
M,IN,771,2012-05,7.545895
M,IN,771,2012-06,7.578705
M,IN,771,2012-07,7.522113
M,IN,771,2012-08,8.005601
M,IN,771,2012-09,8.065997
M,IN,771,2012-10,7.324841
M,IN,771,2012-11,7.243127
M,IN,771,2012-12,7.310803
M,IN,771,2013-01,4.990055
M,IN,771,2013-02,5.354412
M,IN,771,2013-03,4.430761
M,IN,771,2013-04,3.38882
M,IN,771,2013-05,3.87404
M,IN,771,2013-06,5.755411
M,IN,771,2013-07,6.695724
M,IN,771,2013-08,7.004361
M,IN,771,2013-09,7.307512
M,IN,771,2013-10,8.57629
M,IN,771,2013-11,9.815534
M,IN,771,2013-12,8.02409
M,IN,771,2014-01,8.529946
M,IN,771,2014-02,7.747748
M,IN,771,2014-03,8.093525
M,IN,771,2014-04,8.407871
M,IN,771,2014-05,8.348135
M,IN,771,2014-06,6.770833
M,IN,771,2014-07,7.350427
M,IN,771,2014-08,7.094595
M,IN,771,2014-09,5.676127
M,IN,771,2014-10,4.628099
M,IN,771,2014-11,3.262643
M,IN,771,2014-12,4.311774
M,IN,771,2015-01,5.183946
M,IN,771,2015-02,5.351171
M,IN,771,2015-03,5.324459
M,IN,771,2015-04,4.950495
M,IN,771,2015-05,4.918033
M,IN,771,2015-06,5.365854
M,IN,771,2015-07,3.66242
M,IN,771,2015-08,3.62776
M,IN,771,2015-09,4.265403
M,IN,771,2015-10,4.897314
M,IN,771,2015-11,5.371248
M,IN,771,2015-12,5.564388
M,IN,771,2016-01,5.72337
M,IN,771,2016-02,5.396825
M,IN,771,2016-03,4.897314
M,IN,771,2016-04,5.345912
M,IN,771,2016-05,5.78125
M,IN,771,2016-06,5.709877
M,IN,771,2016-07,6.144393
M,IN,771,2016-08,5.175038
M,IN,771,2016-09,4.393939
M,IN,771,2016-10,4.216867
M,IN,771,2016-11,3.598201
M,IN,771,2016-12,3.463855
M,IN,771,2017-01,3.157895
M,IN,771,2017-02,3.614458
M,IN,771,2017-03,3.76506
M,IN,771,2017-04,3.134328
M,IN,771,2017-05,2.215657
M,IN,771,2017-06,1.459854
M,IN,771,2017-07,2.315485
M,IN,771,2017-08,3.183792
M,IN,771,2017-09,3.338171
M,IN,771,2017-10,3.612717
M,IN,771,2017-11,4.920405
M,IN,771,2017-12,5.240175
M,IN,771,2018-01,5.102041
M,IN,771,2018-02,4.360465
M,IN,771,2018-03,4.354136
M,IN,771,2018-04,4.486252
M,IN,771,2018-05,4.913295
M,IN,771,2018-06,4.892086
M,IN,771,2018-07,4.101839
M,IN,771,2018-08,3.646564
M,IN,771,2018-09,3.651685
M,IN,771,2018-10,3.34728
M,IN,771,2018-11,2.344828
M,IN,771,2018-12,2.074689
M,IN,771,2019-01,1.941748
M,IN,771,2019-02,2.64624
M,IN,771,2019-03,2.781641
M,IN,771,2019-04,3.047091
M,IN,771,2019-05,3.030303
M,IN,771,2019-06,3.292181
M,IN,771,2019-07,3.26087
M,IN,771,2019-08,3.38295
M,IN,771,2019-09,4.065041
M,IN,771,2019-10,4.588394
M,IN,771,2019-11,5.525606
M,IN,771,2019-12,7.317073
M,IN,771,2020-01,7.619048
M,IN,771,2020-02,6.51289
M,IN,771,2020-03,5.953992
M,IN,771,2020-04,7.123656
M,IN,771,2020-05,6.283422
M,IN,771,2020-06,6.2417
M,IN,771,2020-07,6.710526
M,IN,771,2020-08,6.675393
M,IN,771,2020-09,7.291667
M,IN,771,2020-10,7.612903
M,IN,771,2020-11,6.896552
M,IN,771,2020-12,4.545455
M,IN,771,2021-01,4.045512
M,IN,771,2021-02,5.095541
M,IN,771,2021-03,5.491699
M,IN,771,2021-04,4.265997
M,IN,771,2021-05,6.289308
M,IN,771,2021-06,6.25
M,IN,771,2021-07,5.548705
M,IN,771,2021-08,5.276074
M,IN,771,2021-09,4.368932
M,IN,771,2021-10,4.556355
M,IN,771,2021-11,4.898447
M,IN,771,2021-12,5.676329
M,IN,771,2022-01,6.075334
M,IN,771,2022-02,6.060606
M,IN,771,2022-03,6.900726
M,IN,771,2022-04,7.821901
M,IN,771,2022-05,6.982249
M,IN,771,2022-06,6.941176
M,IN,771,2022-07,6.658879
M,IN,771,2022-08,6.993007
M,IN,771,2022-09,7.325581
M,IN,771,2022-10,6.766055
M,IN,771,2022-11,5.922551
M,IN,771,2022-12,5.714286
M,IN,771,2023-01,6.52921
M,IN,771,2023-02,6.4
M,IN,771,2023-03,5.662514
M,IN,771,2023-04,4.6875
M,IN,771,2023-05,4.314159
M,IN,771,2023-06,4.840484
M,IN,771,2023-07,7.447974
M,IN,771,2023-08,6.862745
M,IN,771,2023-09,5.092091
M,IN,771,2023-10,4.833512
M,IN,771,2023-11,5.483871
M,IN,771,2023-12,5.72973
M,IN,771,2024-01,5.053763
M,IN,771,2024-02,5.155747
M,IN,771,2024-03,4.930332
M,IN,771,2024-04,4.797441
M,IN,771,2024-05,4.878049
M,IN,771,2024-06,5.141658
M,IN,771,2024-07,3.669725
M,IN,771,2024-08,3.669725
M,IN,771,2024-09,5.463918
M,IN,771,2024-10,6.25
M,IN,771,2024-11,5.504587
M,IN,771,2024-12,5.214724
M,IN,771,2025-01,4.06346
M,IN,771,2025-02,3.493361
M,IN,771,2025-03,3.564862
M,IN,771,2025-04,3.336724
M,IN,771,2025-05,3.033367
M,IN,771,2025-06,2.305389
M,IN,771,2025-07,1.622419
M,IN,771,2025-08,2.0059
M,IN,771,2025-09,1.407625
M,IN,771,2025-10,0.038573
M,IN,771,2025-11,0.492754
M,IN,771,2025-12,1.166181
M,IN,771,2026-01,2.734337
M,IN,771,2026-02,3.207659
M,IN,771,2026-03,3.402702
A,IN,771,1954,-5.707653
A,IN,771,1955,-8.116139
A,IN,771,1956,12.15929
A,IN,771,1957,5.881868
A,IN,771,1958,2.092897
A,IN,771,1959,4.084743
A,IN,771,1960,6.406502
A,IN,771,1961,2.360146
A,IN,771,1962,0.954558
A,IN,771,1963,4.581169
A,IN,771,1964,10.384566
A,IN,771,1965,8.150199
A,IN,771,1966,12.016
A,IN,771,1967,15.016902
A,IN,771,1968,-0.393261
A,IN,771,1969,2.094589
A,IN,771,1970,6.158919
A,IN,771,1971,4.97335
A,IN,771,1972,8.803331
A,IN,771,1973,16.407037
A,IN,771,1974,28.578433
A,IN,771,1975,3.918622
A,IN,771,1976,-1.970688
A,IN,771,1977,7.572221
A,IN,771,1978,-0.231297
A,IN,771,1979,11.655246
A,IN,771,1980,20.099958
A,IN,771,1981,12.230348
A,IN,771,1982,1.972572
A,IN,771,1983,6.800529
A,IN,771,1984,6.958318
A,IN,771,1985,4.644876
A,IN,771,1986,5.520141
A,IN,771,1987,7.003413
A,IN,771,1988,8.713179
A,IN,771,1989,6.722
A,IN,771,1990,9.062892
A,IN,771,1991,13.677174
A,IN,771,1992,11.54201
A,IN,771,1993,7.763538
A,IN,771,1994,10.399051
A,IN,771,1995,9.732924
A,IN,771,1996,4.464379
A,IN,771,1997,4.578231
A,IN,771,1998,5.812257
A,IN,771,1999,3.520456
A,IN,771,2000,6.232835
A,IN,771,2001,5.158535
A,IN,771,2002,2.474319
A,IN,771,2003,5.323802
A,IN,771,2004,5.800303
A,IN,771,2005,4.479896
A,IN,771,2006,5.870755
A,IN,771,2007,4.989596
A,IN,771,2008,8.677247
A,IN,771,2009,2.116432
A,IN,771,2010,9.564624
A,IN,771,2011,9.803268
A,IN,771,2012,7.548508
A,IN,771,2013,6.299379
A,IN,771,2014,6.626419
A,IN,771,2015,4.866541
A,IN,771,2016,4.974933
A,IN,771,2017,3.330884
A,IN,771,2018,3.922731
A,IN,771,2019,3.751853
A,IN,771,2020,6.616839
A,IN,771,2021,5.14433
A,IN,771,2022,6.677125
A,IN,771,2023,5.652574
A,IN,771,2024,4.976077
A,IN,771,2025,2.183641
M,IN,628,1953-04,2.632456
M,IN,628,1953-05,2.73249
M,IN,628,1953-06,2.821993
M,IN,628,1953-07,2.86148
M,IN,628,1953-08,2.845685
M,IN,628,1953-09,2.793036
M,IN,628,1953-10,2.703533
M,IN,628,1953-11,2.642986
M,IN,628,1953-12,2.629824
M,IN,628,1954-01,2.664046
M,IN,628,1954-02,2.614029
M,IN,628,1954-03,2.600867
M,IN,628,1954-04,2.682473
M,IN,628,1954-05,2.645619
M,IN,628,1954-06,2.574542
M,IN,628,1954-07,2.569277
M,IN,628,1954-08,2.574542
M,IN,628,1954-09,2.600867
M,IN,628,1954-10,2.57191
M,IN,628,1954-11,2.487671
M,IN,628,1954-12,2.42186
M,IN,628,1955-01,2.435022
M,IN,628,1955-02,2.416595
M,IN,628,1955-03,2.356049
M,IN,628,1955-04,2.306032
M,IN,628,1955-05,2.319194
M,IN,628,1955-06,2.327091
M,IN,628,1955-07,2.408698
M,IN,628,1955-08,2.398168
M,IN,628,1955-09,2.350784
M,IN,628,1955-10,2.350784
M,IN,628,1955-11,2.398168
M,IN,628,1955-12,2.424492
M,IN,628,1956-01,2.471877
M,IN,628,1956-02,2.471877
M,IN,628,1956-03,2.545585
M,IN,628,1956-04,2.59297
M,IN,628,1956-05,2.616662
M,IN,628,1956-06,2.648251
M,IN,628,1956-07,2.685106
M,IN,628,1956-08,2.761447
M,IN,628,1956-09,2.771977
M,IN,628,1956-10,2.766712
M,IN,628,1956-11,2.819361
M,IN,628,1956-12,2.803566
M,IN,628,1957-01,2.782506
M,IN,628,1957-02,2.771977
M,IN,628,1957-03,2.737755
M,IN,628,1957-04,2.761447
M,IN,628,1957-05,2.827258
M,IN,628,1957-06,2.87201
M,IN,628,1957-07,2.900967
M,IN,628,1957-08,2.903599
M,IN,628,1957-09,2.84042
M,IN,628,1957-10,2.824626
M,IN,628,1957-11,2.835156
M,IN,628,1957-12,2.777242
M,IN,628,1958-01,2.745652
M,IN,628,1958-02,2.716695
M,IN,628,1958-03,2.73249
M,IN,628,1958-04,2.785139
M,IN,628,1958-05,2.806199
M,IN,628,1958-06,2.895702
M,IN,628,1958-07,2.974676
M,IN,628,1958-08,3.006265
M,IN,628,1958-09,3.02206
M,IN,628,1958-10,3.01153
M,IN,628,1958-11,2.956249
M,IN,628,1958-12,2.890437
M,IN,628,1959-01,2.914129
M,IN,628,1959-02,2.937821
M,IN,628,1959-03,2.914129
M,IN,628,1959-04,2.903599
M,IN,628,1959-05,2.956249
M,IN,628,1959-06,2.998368
M,IN,628,1959-07,3.029957
M,IN,628,1959-08,3.037855
M,IN,628,1959-09,3.040487
M,IN,628,1959-10,3.093136
M,IN,628,1959-11,3.069444
M,IN,628,1959-12,3.058914
M,IN,628,1960-01,3.079974
M,IN,628,1960-02,3.098401
M,IN,628,1960-03,3.082606
M,IN,628,1960-04,3.122093
M,IN,628,1960-05,3.185272
M,IN,628,1960-06,3.190537
M,IN,628,1960-07,3.237921
M,IN,628,1960-08,3.243186
M,IN,628,1960-09,3.248451
M,IN,628,1960-10,3.272143
M,IN,628,1960-11,3.264246
M,IN,628,1960-12,3.232657
M,IN,628,1961-01,3.256349
M,IN,628,1961-02,3.287938
M,IN,628,1961-03,3.306365
M,IN,628,1961-04,3.266878
M,IN,628,1961-05,3.251084
M,IN,628,1961-06,3.272143
M,IN,628,1961-07,3.340587
M,IN,628,1961-08,3.306365
M,IN,628,1961-09,3.232657
M,IN,628,1961-10,3.227392
M,IN,628,1961-11,3.224759
M,IN,628,1961-12,3.187905
M,IN,628,1962-01,3.198435
M,IN,628,1962-02,3.224759
M,IN,628,1962-03,3.203699
M,IN,628,1962-04,3.222127
M,IN,628,1962-05,3.274776
M,IN,628,1962-06,3.295835
M,IN,628,1962-07,3.345852
M,IN,628,1962-08,3.387971
M,IN,628,1962-09,3.369544
M,IN,628,1962-10,3.374809
M,IN,628,1962-11,3.369544
M,IN,628,1962-12,3.266878
M,IN,628,1963-01,3.266878
M,IN,628,1963-02,3.282673
M,IN,628,1963-03,3.33269
M,IN,628,1963-04,3.393236
M,IN,628,1963-05,3.440621
M,IN,628,1963-06,3.469578
M,IN,628,1963-07,3.509064
M,IN,628,1963-08,3.522227
M,IN,628,1963-09,3.538021
M,IN,628,1963-10,3.538021
M,IN,628,1963-11,3.524859
M,IN,628,1963-12,3.527492
M,IN,628,1964-01,3.543286
M,IN,628,1964-02,3.585406
M,IN,628,1964-03,3.616995
M,IN,628,1964-04,3.635422
M,IN,628,1964-05,3.695969
M,IN,628,1964-06,3.777575
M,IN,628,1964-07,3.853916
M,IN,628,1964-08,3.935522
M,IN,628,1964-09,4.006599
M,IN,628,1964-10,4.011864
M,IN,628,1964-11,3.964479
M,IN,628,1964-12,4.011864
M,IN,628,1965-01,4.053983
M,IN,628,1965-02,3.972377
M,IN,628,1965-03,3.914463
M,IN,628,1965-04,3.956582
M,IN,628,1965-05,4.003966
M,IN,628,1965-06,4.040821
M,IN,628,1965-07,4.143486
M,IN,628,1965-08,4.235622
M,IN,628,1965-09,4.225093
M,IN,628,1965-10,4.214563
M,IN,628,1965-11,4.296169
M,IN,628,1965-12,4.301434
M,IN,628,1966-01,4.317229
M,IN,628,1966-02,4.304066
M,IN,628,1966-03,4.367245
M,IN,628,1966-04,4.456749
M,IN,628,1966-05,4.562047
M,IN,628,1966-06,4.648918
M,IN,628,1966-07,4.725259
M,IN,628,1966-08,4.791071
M,IN,628,1966-09,4.712097
M,IN,628,1966-10,4.756849
M,IN,628,1966-11,4.796336
M,IN,628,1966-12,4.851617
M,IN,628,1967-01,4.954283
M,IN,628,1967-02,5.064846
M,IN,628,1967-03,5.088538
M,IN,628,1967-04,5.120128
M,IN,628,1967-05,5.220161
M,IN,628,1967-06,5.370211
M,IN,628,1967-07,5.517629
M,IN,628,1967-08,5.46498
M,IN,628,1967-09,5.507099
M,IN,628,1967-10,5.533423
M,IN,628,1967-11,5.430758
M,IN,628,1967-12,5.320194
M,IN,628,1968-01,5.291237
M,IN,628,1968-02,5.193837
M,IN,628,1968-03,5.099068
M,IN,628,1968-04,5.204366
M,IN,628,1968-05,5.225426
M,IN,628,1968-06,5.201734
M,IN,628,1968-07,5.214896
M,IN,628,1968-08,5.428125
M,IN,628,1968-09,5.538688
M,IN,628,1968-10,5.470244
M,IN,628,1968-11,5.29387
M,IN,628,1968-12,5.180674
M,IN,628,1969-01,5.193837
M,IN,628,1969-02,5.162247
M,IN,628,1969-03,5.26228
M,IN,628,1969-04,5.270178
M,IN,628,1969-05,5.320194
M,IN,628,1969-06,5.486039
M,IN,628,1969-07,5.565013
M,IN,628,1969-08,5.567645
M,IN,628,1969-09,5.557116
M,IN,628,1969-10,5.470244
M,IN,628,1969-11,5.386006
M,IN,628,1969-12,5.428125
M,IN,628,1970-01,5.551851
M,IN,628,1970-02,5.541321
M,IN,628,1970-03,5.61503
M,IN,628,1970-04,5.622927
M,IN,628,1970-05,5.707166
M,IN,628,1970-06,5.775609
M,IN,628,1970-07,5.786139
M,IN,628,1970-08,5.817729
M,IN,628,1970-09,5.849318
M,IN,628,1970-10,5.830891
M,IN,628,1970-11,5.778242
M,IN,628,1970-12,5.775609
M,IN,628,1971-01,5.851951
M,IN,628,1971-02,5.791404
M,IN,628,1971-03,5.796669
M,IN,628,1971-04,5.878275
M,IN,628,1971-05,5.912497
M,IN,628,1971-06,6.052017
M,IN,628,1971-07,6.128359
M,IN,628,1971-08,6.196802
M,IN,628,1971-09,6.21523
M,IN,628,1971-10,6.162581
M,IN,628,1971-11,6.075709
M,IN,628,1971-12,6.004633
M,IN,628,1972-01,6.186273
M,IN,628,1972-02,6.186273
M,IN,628,1972-03,6.249452
M,IN,628,1972-04,6.283674
M,IN,628,1972-05,6.341588
M,IN,628,1972-06,6.481108
M,IN,628,1972-07,6.62326
M,IN,628,1972-08,6.786473
M,IN,628,1972-09,6.768045
M,IN,628,1972-10,6.839122
M,IN,628,1972-11,6.820695
M,IN,628,1972-12,6.844387
M,IN,628,1973-01,6.849652
M,IN,628,1973-02,6.970745
M,IN,628,1973-03,7.047086
M,IN,628,1973-04,7.155017
M,IN,628,1973-05,7.41563
M,IN,628,1973-06,7.589372
M,IN,628,1973-07,7.831558
M,IN,628,1973-08,7.918429
M,IN,628,1973-09,7.889472
M,IN,628,1973-10,8.047419
M,IN,628,1973-11,8.29487
M,IN,628,1973-12,8.265913
M,IN,628,1974-01,8.629192
M,IN,628,1974-02,8.773977
M,IN,628,1974-03,9.103034
M,IN,628,1974-04,9.353118
M,IN,628,1974-05,9.618996
M,IN,628,1974-06,9.879609
M,IN,628,1974-07,10.208666
M,IN,628,1974-08,10.387673
M,IN,628,1974-09,10.519296
M,IN,628,1974-10,10.41663
M,IN,628,1974-11,10.26658
M,IN,628,1974-12,10.203401
M,IN,628,1975-01,10.224461
M,IN,628,1975-02,10.174444
M,IN,628,1975-03,10.092838
M,IN,628,1975-04,10.140222
M,IN,628,1975-05,10.300802
M,IN,628,1975-06,10.27711
M,IN,628,1975-07,10.174444
M,IN,628,1975-08,10.26658
M,IN,628,1975-09,10.261315
M,IN,628,1975-10,10.242888
M,IN,628,1975-11,10.029659
M,IN,628,1975-12,9.774311
M,IN,628,1976-01,9.618996
M,IN,628,1976-02,9.52686
M,IN,628,1976-03,9.397869
M,IN,628,1976-04,9.608466
M,IN,628,1976-05,9.787473
M,IN,628,1976-06,9.913831
M,IN,628,1976-07,10.26658
M,IN,628,1976-08,10.319229
M,IN,628,1976-09,10.377143
M,IN,628,1976-10,10.271845
M,IN,628,1976-11,10.219196
M,IN,628,1976-12,10.248153
M,IN,628,1977-01,10.335024
M,IN,628,1977-02,10.561415
M,IN,628,1977-03,10.571945
M,IN,628,1977-04,10.643021
M,IN,628,1977-05,10.832558
M,IN,628,1977-06,10.885207
M,IN,628,1977-07,10.908899
M,IN,628,1977-08,10.890472
M,IN,628,1977-09,10.879942
M,IN,628,1977-10,10.711465
M,IN,628,1977-11,10.658816
M,IN,628,1977-12,10.729892
M,IN,628,1978-01,10.664081
M,IN,628,1978-02,10.485074
M,IN,628,1978-03,10.571945
M,IN,628,1978-04,10.548253
M,IN,628,1978-05,10.585107
M,IN,628,1978-06,10.677243
M,IN,628,1978-07,10.798336
M,IN,628,1978-08,10.803601
M,IN,628,1978-09,10.785174
M,IN,628,1978-10,10.837823
M,IN,628,1978-11,10.837823
M,IN,628,1978-12,10.71673
M,IN,628,1979-01,10.729892
M,IN,628,1979-02,10.677243
M,IN,628,1979-03,10.929959
M,IN,628,1979-04,11.301135
M,IN,628,1979-05,11.474878
M,IN,628,1979-06,11.698636
M,IN,628,1979-07,12.23829
M,IN,628,1979-08,12.630526
M,IN,628,1979-09,12.785841
M,IN,628,1979-10,12.843755
M,IN,628,1979-11,12.833225
M,IN,628,1979-12,13.122795
M,IN,628,1980-01,13.162282
M,IN,628,1980-02,13.370246
M,IN,628,1980-03,13.480809
M,IN,628,1980-04,13.583475
M,IN,628,1980-05,13.873045
M,IN,628,1980-06,14.288974
M,IN,628,1980-07,14.902336
M,IN,628,1980-08,15.047121
M,IN,628,1980-09,15.24982
M,IN,628,1980-10,15.294572
M,IN,628,1980-11,14.947088
M,IN,628,1980-12,14.862849
M,IN,628,1981-01,15.215598
M,IN,628,1981-02,15.536758
M,IN,628,1981-03,15.607834
M,IN,628,1981-04,15.936891
M,IN,628,1981-05,16.063249
M,IN,628,1981-06,16.173812
M,IN,628,1981-07,16.544989
M,IN,628,1981-08,16.716098
M,IN,628,1981-09,16.463383
M,IN,628,1981-10,16.421263
M,IN,628,1981-11,16.271213
M,IN,628,1981-12,16.155385
M,IN,628,1982-01,16.250154
M,IN,628,1982-02,16.110633
M,IN,628,1982-03,16.018497
M,IN,628,1982-04,16.005335
M,IN,628,1982-05,16.068514
M,IN,628,1982-06,16.371247
M,IN,628,1982-07,16.576578
M,IN,628,1982-08,16.766115
M,IN,628,1982-09,16.687141
M,IN,628,1982-10,16.639757
M,IN,628,1982-11,16.734526
M,IN,628,1982-12,16.687141
M,IN,628,1983-01,16.734526
M,IN,628,1983-02,16.892473
M,IN,628,1983-03,16.939857
M,IN,628,1983-04,17.160983
M,IN,628,1983-05,17.461084
M,IN,628,1983-06,17.571647
M,IN,628,1983-07,17.745389
M,IN,628,1983-08,17.887541
M,IN,628,1983-09,17.95072
M,IN,628,1983-10,17.966515
M,IN,628,1983-11,18.013899
M,IN,628,1983-12,17.98231
M,IN,628,1984-01,18.124463
M,IN,628,1984-02,18.140257
M,IN,628,1984-03,18.156052
M,IN,628,1984-04,18.285042
M,IN,628,1984-05,18.458785
M,IN,628,1984-06,18.853653
M,IN,628,1984-07,19.122164
M,IN,628,1984-08,19.264316
M,IN,628,1984-09,19.122164
M,IN,628,1984-10,19.201137
M,IN,628,1984-11,19.169548
M,IN,628,1984-12,19.04319
M,IN,628,1985-01,19.137958
M,IN,628,1985-02,19.090574
M,IN,628,1985-03,19.169548
M,IN,628,1985-04,19.501237
M,IN,628,1985-05,19.64339
M,IN,628,1985-06,19.785543
M,IN,628,1985-07,19.927695
M,IN,628,1985-08,19.94349
M,IN,628,1985-09,19.769748
M,IN,628,1985-10,19.817132
M,IN,628,1985-11,19.785543
M,IN,628,1985-12,19.817132
M,IN,628,1986-01,19.896106
M,IN,628,1986-02,20.022464
M,IN,628,1986-03,20.151454
M,IN,628,1986-04,20.340991
M,IN,628,1986-05,20.546322
M,IN,628,1986-06,20.735859
M,IN,628,1986-07,21.020165
M,IN,628,1986-08,21.114933
M,IN,628,1986-09,21.099138
M,IN,628,1986-10,21.209701
M,IN,628,1986-11,21.193907
M,IN,628,1986-12,21.051754
M,IN,628,1987-01,21.225496
M,IN,628,1987-02,21.130728
M,IN,628,1987-03,21.225496
M,IN,628,1987-04,21.430828
M,IN,628,1987-05,21.762517
M,IN,628,1987-06,21.999438
M,IN,628,1987-07,22.254787
M,IN,628,1987-08,22.823397
M,IN,628,1987-09,22.823397
M,IN,628,1987-10,22.902371
M,IN,628,1987-11,23.107703
M,IN,628,1987-12,23.091908
M,IN,628,1988-01,23.360418
M,IN,628,1988-02,23.392008
M,IN,628,1988-03,23.486776
M,IN,628,1988-04,23.723697
M,IN,628,1988-05,23.834261
M,IN,628,1988-06,24.073814
M,IN,628,1988-07,24.421298
M,IN,628,1988-08,24.437093
M,IN,628,1988-09,24.405504
M,IN,628,1988-10,24.674014
M,IN,628,1988-11,24.62663
M,IN,628,1988-12,24.500272
M,IN,628,1989-01,24.642425
M,IN,628,1989-02,24.658219
M,IN,628,1989-03,24.768783
M,IN,628,1989-04,25.053088
M,IN,628,1989-05,25.353188
M,IN,628,1989-06,25.55852
M,IN,628,1989-07,25.874414
M,IN,628,1989-08,26.366684
M,IN,628,1989-09,26.619399
M,IN,628,1989-10,26.619399
M,IN,628,1989-11,26.493042
M,IN,628,1989-12,26.350889
M,IN,628,1990-01,26.572015
M,IN,628,1990-02,26.698373
M,IN,628,1990-03,26.903705
M,IN,628,1990-04,27.330163
M,IN,628,1990-05,27.567084
M,IN,628,1990-06,27.980379
M,IN,628,1990-07,28.359453
M,IN,628,1990-08,28.501606
M,IN,628,1990-09,28.612169
M,IN,628,1990-10,28.991243
M,IN,628,1990-11,29.275548
M,IN,628,1990-12,29.512469
M,IN,628,1991-01,29.988944
M,IN,628,1991-02,30.304838
M,IN,628,1991-03,30.320633
M,IN,628,1991-04,30.494375
M,IN,628,1991-05,30.81027
M,IN,628,1991-06,31.378881
M,IN,628,1991-07,32.076482
M,IN,628,1991-08,33.087345
M,IN,628,1991-09,33.276882
M,IN,628,1991-10,33.245292
M,IN,628,1991-11,33.595409
M,IN,628,1991-12,33.721767
M,IN,628,1992-01,34.053456
M,IN,628,1992-02,34.227199
M,IN,628,1992-03,34.43253
M,IN,628,1992-04,34.701041
M,IN,628,1992-05,35.048525
M,IN,628,1992-06,35.443393
M,IN,628,1992-07,35.840894
M,IN,628,1992-08,36.188379
M,IN,628,1992-09,36.488479
M,IN,628,1992-10,36.756989
M,IN,628,1992-11,36.646426
M,IN,628,1992-12,36.599042
M,IN,628,1993-01,36.630631
M,IN,628,1993-02,36.820168
M,IN,628,1993-03,36.867552
M,IN,628,1993-04,37.104473
M,IN,628,1993-05,37.48618
M,IN,628,1993-06,37.928432
M,IN,628,1993-07,38.449659
M,IN,628,1993-08,39.065653
M,IN,628,1993-09,39.684281
M,IN,628,1993-10,39.889612
M,IN,628,1993-11,39.794844
M,IN,628,1993-12,39.810639
M,IN,628,1994-01,39.968586
M,IN,628,1994-02,40.300276
M,IN,628,1994-03,40.742528
M,IN,628,1994-04,41.487513
M,IN,628,1994-05,41.795511
M,IN,628,1994-06,42.450992
M,IN,628,1994-07,42.874818
M,IN,628,1994-08,43.145961
M,IN,628,1994-09,43.185448
M,IN,628,1994-10,43.493445
M,IN,628,1994-11,43.685615
M,IN,628,1994-12,44.188414
M,IN,628,1995-01,44.843895
M,IN,628,1995-02,45.115038
M,IN,628,1995-03,45.115038
M,IN,628,1995-04,46.041663
M,IN,628,1995-05,46.386515
M,IN,628,1995-06,46.581317
M,IN,628,1995-07,47.005142
M,IN,628,1995-08,47.005142
M,IN,628,1995-09,47.044629
M,IN,628,1995-10,47.160457
M,IN,628,1995-11,47.276285
M,IN,628,1995-12,47.12097
M,IN,628,1996-01,47.081483
M,IN,628,1996-02,47.160457
M,IN,628,1996-03,47.160457
M,IN,628,1996-04,47.739597
M,IN,628,1996-05,48.047595
M,IN,628,1996-06,48.279251
M,IN,628,1996-07,49.011074
M,IN,628,1996-08,49.321704
M,IN,628,1996-09,49.437532
M,IN,628,1996-10,49.321704
M,IN,628,1996-11,49.398045
M,IN,628,1996-12,49.590214
M,IN,628,1997-01,49.513873
M,IN,628,1997-02,49.706042
M,IN,628,1997-03,49.706042
M,IN,628,1997-04,50.556326
M,IN,628,1997-05,50.477352
M,IN,628,1997-06,50.709008
M,IN,628,1997-07,50.787982
M,IN,628,1997-08,50.940664
M,IN,628,1997-09,51.327636
M,IN,628,1997-10,51.48295
M,IN,628,1997-11,51.367122
M,IN,628,1997-12,51.598779
M,IN,628,1998-01,52.022604
M,IN,628,1998-02,51.790948
M,IN,628,1998-03,51.867289
M,IN,628,1998-04,52.833401
M,IN,628,1998-05,53.333567
M,IN,628,1998-06,53.991681
M,IN,628,1998-07,54.415507
M,IN,628,1998-08,54.260192
M,IN,628,1998-09,54.336533
M,IN,628,1998-10,54.799846
M,IN,628,1998-11,55.031502
M,IN,628,1998-12,54.839332
M,IN,628,1999-01,54.37602
M,IN,628,1999-02,54.607676
M,IN,628,1999-03,54.684017
M,IN,628,1999-04,54.95516
M,IN,628,1999-05,55.110475
M,IN,628,1999-06,55.302645
M,IN,628,1999-07,55.45796
M,IN,628,1999-08,55.805444
M,IN,628,1999-09,56.073954
M,IN,628,1999-10,56.692582
M,IN,628,1999-11,56.729436
M,IN,628,1999-12,56.381952
M,IN,628,2000-01,56.305611
M,IN,628,2000-02,56.49778
M,IN,628,2000-03,57.695548
M,IN,628,2000-04,58.543199
M,IN,628,2000-05,58.582685
M,IN,628,2000-06,58.93017
M,IN,628,2000-07,59.085485
M,IN,628,2000-08,59.201313
M,IN,628,2000-09,59.701479
M,IN,628,2000-10,60.936102
M,IN,628,2000-11,61.05193
M,IN,628,2000-12,61.167758
M,IN,628,2001-01,61.207245
M,IN,628,2001-02,61.207245
M,IN,628,2001-03,61.399414
M,IN,628,2001-04,61.710044
M,IN,628,2001-05,61.862726
M,IN,628,2001-06,62.054895
M,IN,628,2001-07,62.170724
M,IN,628,2001-08,62.40238
M,IN,628,2001-09,62.40238
M,IN,628,2001-10,62.71301
M,IN,628,2001-11,62.634036
M,IN,628,2001-12,62.441867
M,IN,628,2002-01,62.133869
M,IN,628,2002-02,62.054895
M,IN,628,2002-03,62.481353
M,IN,628,2002-04,62.634036
M,IN,628,2002-05,62.828838
M,IN,628,2002-06,63.560661
M,IN,628,2002-07,63.908145
M,IN,628,2002-08,64.487285
M,IN,628,2002-09,64.603113
M,IN,628,2002-10,64.6426
M,IN,628,2002-11,64.758428
M,IN,628,2002-12,64.526772
M,IN,628,2003-01,64.758428
M,IN,628,2003-02,65.374423
M,IN,628,2003-03,66.224706
M,IN,628,2003-04,66.803847
M,IN,628,2003-05,66.919675
M,IN,628,2003-06,66.956529
M,IN,628,2003-07,66.919675
M,IN,628,2003-08,67.035503
M,IN,628,2003-09,67.767326
M,IN,628,2003-10,67.959495
M,IN,628,2003-11,68.270125
M,IN,628,2003-12,68.230638
M,IN,628,2004-01,68.965094
M,IN,628,2004-02,69.388919
M,IN,628,2004-03,69.388919
M,IN,628,2004-04,69.812745
M,IN,628,2004-05,70.170759
M,IN,628,2004-06,70.315544
M,IN,628,2004-07,71.031572
M,IN,628,2004-08,72.031905
M,IN,628,2004-09,71.960829
M,IN,628,2004-10,72.105614
M,IN,628,2004-11,72.676857
M,IN,628,2004-12,71.960829
M,IN,628,2005-01,72.318843
M,IN,628,2005-02,72.389919
M,IN,628,2005-03,72.676857
M,IN,628,2005-04,73.608747
M,IN,628,2005-05,73.392885
M,IN,628,2005-06,73.679823
M,IN,628,2005-07,74.466928
M,IN,628,2005-08,74.538004
M,IN,628,2005-09,75.040803
M,IN,628,2005-10,75.327741
M,IN,628,2005-11,75.469893
M,IN,628,2005-12,74.969727
M,IN,628,2006-01,75.327741
M,IN,628,2006-02,75.469893
M,IN,628,2006-03,75.54097
M,IN,628,2006-04,77.044102
M,IN,628,2006-05,77.689054
M,IN,628,2006-06,78.549868
M,IN,628,2006-07,79.192187
M,IN,628,2006-08,79.694986
M,IN,628,2006-09,80.195153
M,IN,628,2006-10,80.553167
M,IN,628,2006-11,80.482091
M,IN,628,2006-12,80.266229
M,IN,628,2007-01,80.411014
M,IN,628,2007-02,80.482091
M,IN,628,2007-03,80.697952
M,IN,628,2007-04,81.914147
M,IN,628,2007-05,82.056299
M,IN,628,2007-06,82.201085
M,IN,628,2007-07,82.772328
M,IN,628,2007-08,82.988189
M,IN,628,2007-09,83.059265
M,IN,628,2007-10,83.275127
M,IN,628,2007-11,83.562065
M,IN,628,2007-12,83.488356
M,IN,628,2008-01,83.991155
M,IN,628,2008-02,85.065197
M,IN,628,2008-03,86.926344
M,IN,628,2008-04,88.429476
M,IN,628,2008-05,88.787491
M,IN,628,2008-06,91.151436
M,IN,628,2008-07,92.080694
M,IN,628,2008-08,92.296555
M,IN,628,2008-09,92.009617
M,IN,628,2008-10,92.080694
M,IN,628,2008-11,90.722346
M,IN,628,2008-12,89.003352
M,IN,628,2009-01,88.932276
M,IN,628,2009-02,88.000386
M,IN,628,2009-03,88.216248
M,IN,628,2009-04,89.216581
M,IN,628,2009-05,89.861533
M,IN,628,2009-06,90.506485
M,IN,628,2009-07,91.509451
M,IN,628,2009-08,92.583493
M,IN,628,2009-09,93.012583
M,IN,628,2009-10,93.441674
M,IN,628,2009-11,94.802654
M,IN,628,2009-12,95.160668
M,IN,628,2010-01,96.521648
M,IN,628,2010-02,96.521648
M,IN,628,2010-03,97.237676
M,IN,628,2010-04,99.027746
M,IN,628,2010-05,99.38576
M,IN,628,2010-06,99.814851
M,IN,628,2010-07,100.459802
M,IN,628,2010-08,100.74674
M,IN,628,2010-09,101.317983
M,IN,628,2010-10,101.962935
M,IN,628,2010-11,102.463102
M,IN,628,2010-12,104.54011
M,IN,628,2011-01,105.972166
M,IN,628,2011-02,106.043242
M,IN,628,2011-03,107.046208
M,IN,628,2011-04,108.907355
M,IN,628,2011-05,109.123217
M,IN,628,2011-06,109.623383
M,IN,628,2011-07,110.41312
M,IN,628,2011-08,110.913287
M,IN,628,2011-09,111.845176
M,IN,628,2011-10,112.41642
M,IN,628,2011-11,112.703357
M,IN,628,2011-12,112.632281
M,IN,628,2012-01,113.635247
M,IN,628,2012-02,114.064337
M,IN,628,2012-03,115.280532
M,IN,628,2012-04,117.070602
M,IN,628,2012-05,117.35754
M,IN,628,2012-06,117.931416
M,IN,628,2012-07,118.71852
M,IN,628,2012-08,119.792562
M,IN,628,2012-09,120.866605
M,IN,628,2012-10,120.650743
M,IN,628,2012-11,120.866605
M,IN,628,2012-12,120.866605
M,IN,628,2013-01,119.305708
M,IN,628,2013-02,120.171812
M,IN,628,2013-03,120.388337
M,IN,628,2013-04,121.037915
M,IN,628,2013-05,121.904018
M,IN,628,2013-06,124.718853
M,IN,628,2013-07,126.667585
M,IN,628,2013-08,128.183266
M,IN,628,2013-09,129.698946
M,IN,628,2013-10,130.998101
M,IN,628,2013-11,132.730307
M,IN,628,2013-12,130.565049
M,IN,628,2014-01,129.48242
M,IN,628,2014-02,129.48242
M,IN,628,2014-03,130.131998
M,IN,628,2014-04,131.214627
M,IN,628,2014-05,132.08073
M,IN,628,2014-06,133.163359
M,IN,628,2014-07,135.978194
M,IN,628,2014-08,137.277349
M,IN,628,2014-09,137.060823
M,IN,628,2014-10,137.060823
M,IN,628,2014-11,137.060823
M,IN,628,2014-12,136.19472
M,IN,628,2015-01,136.19472
M,IN,628,2015-02,136.411246
M,IN,628,2015-03,137.060823
M,IN,628,2015-04,137.7104
M,IN,628,2015-05,138.576503
M,IN,628,2015-06,140.30871
M,IN,628,2015-07,140.958287
M,IN,628,2015-08,142.257442
M,IN,628,2015-09,142.907019
M,IN,628,2015-10,143.773122
M,IN,628,2015-11,144.4227
M,IN,628,2015-12,143.773122
M,IN,628,2016-01,143.989648
M,IN,628,2016-02,143.773122
M,IN,628,2016-03,143.773122
M,IN,628,2016-04,145.072277
M,IN,628,2016-05,146.587958
M,IN,628,2016-06,148.320164
M,IN,628,2016-07,149.619319
M,IN,628,2016-08,149.619319
M,IN,628,2016-09,149.186267
M,IN,628,2016-10,149.835844
M,IN,628,2016-11,149.619319
M,IN,628,2016-12,148.753215
M,IN,628,2017-01,148.53669
M,IN,628,2017-02,148.969741
M,IN,628,2017-03,149.186267
M,IN,628,2017-04,149.619319
M,IN,628,2017-05,149.835844
M,IN,628,2017-06,150.485422
M,IN,628,2017-07,153.083731
M,IN,628,2017-08,154.382886
M,IN,628,2017-09,154.16636
M,IN,628,2017-10,155.248989
M,IN,628,2017-11,156.981195
M,IN,628,2017-12,156.548144
M,IN,628,2018-01,156.115092
M,IN,628,2018-02,155.465515
M,IN,628,2018-03,155.682041
M,IN,628,2018-04,156.331618
M,IN,628,2018-05,157.197721
M,IN,628,2018-06,157.847298
M,IN,628,2018-07,159.362979
M,IN,628,2018-08,160.012556
M,IN,628,2018-09,159.796031
M,IN,628,2018-10,160.445608
M,IN,628,2018-11,160.662134
M,IN,628,2018-12,159.796031
M,IN,628,2019-01,159.146453
M,IN,628,2019-02,159.579505
M,IN,628,2019-03,160.012556
M,IN,628,2019-04,161.095185
M,IN,628,2019-05,161.961288
M,IN,628,2019-06,163.043917
M,IN,628,2019-07,164.559598
M,IN,628,2019-08,165.425701
M,IN,628,2019-09,166.291804
M,IN,628,2019-10,167.807485
M,IN,628,2019-11,169.539691
M,IN,628,2019-12,171.488423
M,IN,628,2020-01,171.271897
M,IN,628,2020-02,169.972743
M,IN,628,2020-03,169.539691
M,IN,628,2020-04,172.571052
M,IN,628,2020-05,172.138
M,IN,628,2020-06,173.220629
M,IN,628,2020-07,175.602413
M,IN,628,2020-08,176.468516
M,IN,628,2020-09,178.417248
M,IN,628,2020-10,180.582506
M,IN,628,2020-11,181.232083
M,IN,628,2020-12,179.283351
M,IN,628,2021-01,178.200722
M,IN,628,2021-02,178.633774
M,IN,628,2021-03,178.8503
M,IN,628,2021-04,179.932929
M,IN,628,2021-05,182.96429
M,IN,628,2021-06,184.046919
M,IN,628,2021-07,185.346073
M,IN,628,2021-08,185.779125
M,IN,628,2021-09,186.212177
M,IN,628,2021-10,188.810486
M,IN,628,2021-11,190.109641
M,IN,628,2021-12,189.460063
M,IN,628,2022-01,189.027012
M,IN,628,2022-02,189.460063
M,IN,628,2022-03,191.19227
M,IN,628,2022-04,194.007105
M,IN,628,2022-05,195.739311
M,IN,628,2022-06,196.82194
M,IN,628,2022-07,197.688043
M,IN,628,2022-08,198.770672
M,IN,628,2022-09,199.853301
M,IN,628,2022-10,201.585507
M,IN,628,2022-11,201.368982
M,IN,628,2022-12,200.286353
M,IN,628,2023-01,201.368982
M,IN,628,2023-02,201.585507
M,IN,628,2023-03,202.018559
M,IN,628,2023-04,203.101188
M,IN,628,2023-05,204.183817
M,IN,628,2023-06,206.349075
M,IN,628,2023-07,212.411797
M,IN,628,2023-08,212.411797
M,IN,628,2023-09,210.030013
M,IN,628,2023-10,211.329168
M,IN,628,2023-11,212.411797
M,IN,628,2023-12,211.762219
M,IN,628,2024-01,211.545694
M,IN,628,2024-02,211.978745
M,IN,628,2024-03,211.978745
M,IN,628,2024-04,212.844848
M,IN,628,2024-05,214.144003
M,IN,628,2024-06,216.958838
M,IN,628,2024-07,220.206725
M,IN,628,2024-08,220.206725
M,IN,628,2024-09,221.50588
M,IN,628,2024-10,224.537241
M,IN,628,2024-11,224.104189
M,IN,628,2024-12,222.805034
M,IN,628,2025-01,220.141767
M,IN,628,2025-02,219.383927
M,IN,628,2025-03,219.535495
M,IN,628,2025-04,219.946894
M,IN,628,2025-05,220.639777
M,IN,628,2025-06,221.960584
M,IN,628,2025-07,223.779401
M,IN,628,2025-08,224.623851
M,IN,628,2025-09,224.623851
M,IN,628,2025-10,224.623851
M,IN,628,2025-11,225.208471
M,IN,628,2025-12,225.403344
M,IN,628,2026-01,226.161184
M,IN,628,2026-02,226.421015
M,IN,628,2026-03,227.005635
A,IN,628,1953,2.740387
A,IN,628,1954,2.583975
A,IN,628,1955,2.374256
A,IN,628,1956,2.662949
A,IN,628,1957,2.81958
A,IN,628,1958,2.878591
A,IN,628,1959,2.996174
A,IN,628,1960,3.188124
A,IN,628,1961,3.263368
A,IN,628,1962,3.294519
A,IN,628,1963,3.445447
A,IN,628,1964,3.803241
A,IN,628,1965,4.113213
A,IN,628,1966,4.607457
A,IN,628,1967,5.299354
A,IN,628,1968,5.278514
A,IN,628,1969,5.389077
A,IN,628,1970,5.720986
A,IN,628,1971,6.005511
A,IN,628,1972,6.534196
A,IN,628,1973,7.606263
A,IN,628,1974,9.780014
A,IN,628,1975,10.163256
A,IN,628,1976,9.96297
A,IN,628,1977,10.717388
A,IN,628,1978,10.692599
A,IN,628,1979,11.938848
A,IN,628,1980,14.338551
A,IN,628,1981,16.092206
A,IN,628,1982,16.409637
A,IN,628,1983,17.525579
A,IN,628,1984,18.745064
A,IN,628,1985,19.615749
A,IN,628,1986,20.698566
A,IN,628,1987,22.148172
A,IN,628,1988,24.077982
A,IN,628,1989,25.696504
A,IN,628,1990,28.025351
A,IN,628,1991,31.858426
A,IN,628,1992,35.535529
A,IN,628,1993,38.294344
A,IN,628,1994,42.276592
A,IN,628,1995,46.391341
A,IN,628,1996,48.462426
A,IN,628,1997,50.681148
A,IN,628,1998,53.626867
A,IN,628,1999,55.514777
A,IN,628,2000,58.974921
A,IN,628,2001,62.017164
A,IN,628,2002,63.551666
A,IN,628,2003,66.935031
A,IN,628,2004,70.817465
A,IN,628,2005,73.990014
A,IN,628,2006,78.333787
A,IN,628,2007,82.242326
A,IN,628,2008,89.378696
A,IN,628,2009,91.270336
A,IN,628,2010,100
A,IN,628,2011,109.803268
A,IN,628,2012,118.091776
A,IN,628,2013,125.530825
A,IN,628,2014,133.849024
A,IN,628,2015,140.362841
A,IN,628,2016,147.345798
A,IN,628,2017,152.253716
A,IN,628,2018,158.226219
A,IN,628,2019,164.162634
A,IN,628,2020,175.025011
A,IN,628,2021,184.028875
A,IN,628,2022,196.316713
A,IN,628,2023,207.41366
A,IN,628,2024,217.734722
A,IN,628,2025,222.489268
